-- phpMyAdmin SQL Dump
-- version 5.2.2
-- https://www.phpmyadmin.net/
--
-- Servidor: 127.0.0.1:3306
-- Tiempo de generación: 04-08-2025 a las 17:44:48
-- Versión del servidor: 10.11.10-MariaDB
-- Versión de PHP: 7.2.34

SET SQL_MODE = "NO_AUTO_VALUE_ON_ZERO";
START TRANSACTION;
SET time_zone = "+00:00";


/*!40101 SET @OLD_CHARACTER_SET_CLIENT=@@CHARACTER_SET_CLIENT */;
/*!40101 SET @OLD_CHARACTER_SET_RESULTS=@@CHARACTER_SET_RESULTS */;
/*!40101 SET @OLD_COLLATION_CONNECTION=@@COLLATION_CONNECTION */;
/*!40101 SET NAMES utf8mb4 */;

--
-- Base de datos: `u379047759_studio`
--

-- --------------------------------------------------------

--
-- Estructura de tabla para la tabla `clases`
--

CREATE TABLE `clases` (
  `id` int(11) NOT NULL,
  `id_coach` int(11) NOT NULL,
  `hora_inicio` varchar(200) NOT NULL,
  `hora_fin` varchar(200) NOT NULL,
  `aforo` int(11) NOT NULL,
  `reservados` int(11) NOT NULL DEFAULT 0,
  `id_disciplina` int(11) NOT NULL,
  `estatus` varchar(2) DEFAULT '1',
  `fecha` datetime NOT NULL DEFAULT current_timestamp()
) ENGINE=InnoDB DEFAULT CHARSET=utf8mb4 COLLATE=utf8mb4_general_ci;

--
-- Volcado de datos para la tabla `clases`
--

INSERT INTO `clases` (`id`, `id_coach`, `hora_inicio`, `hora_fin`, `aforo`, `reservados`, `id_disciplina`, `estatus`, `fecha`) VALUES
(1, 5, '2025-05-05 18:00:00', '2025-05-05 19:00:00', 12, 0, 1, '1', '2025-05-06 00:00:47'),
(2, 5, '2025-05-05 19:10:00', '2025-05-05 20:00:00', 12, 0, 1, '1', '2025-05-06 00:01:08'),
(3, 13, '2025-05-05 20:10:00', '2025-05-05 21:10:00', 15, 0, 2, '1', '2025-05-06 00:01:31'),
(4, 6, '2025-05-06 07:00:00', '2025-05-06 08:00:00', 12, 0, 3, '1', '2025-05-06 00:02:06'),
(5, 1, '2025-05-06 08:15:00', '2025-05-06 09:15:00', 12, 0, 5, '1', '2025-05-06 00:02:23'),
(6, 6, '2025-05-06 18:00:00', '2025-05-06 19:00:00', 12, 0, 3, '1', '2025-05-06 00:02:50'),
(7, 6, '2025-05-06 19:10:00', '2025-05-06 20:00:00', 12, 0, 3, '1', '2025-05-06 00:03:11'),
(8, 5, '2025-05-07 07:00:00', '2025-05-07 08:00:00', 12, 0, 1, '1', '2025-05-06 00:03:40'),
(9, 5, '2025-05-07 08:15:00', '2025-05-07 09:15:00', 12, 0, 1, '1', '2025-05-06 00:03:51'),
(10, 10, '2025-05-07 09:30:00', '2025-05-07 10:30:00', 12, 0, 2, '1', '2025-05-06 00:04:07'),
(11, 9, '2025-05-07 18:00:00', '2025-05-07 19:00:00', 12, 0, 1, '1', '2025-05-06 00:04:27'),
(12, 3, '2025-05-07 19:10:00', '2025-05-07 20:00:00', 12, 0, 1, '1', '2025-05-06 00:04:41'),
(13, 3, '2025-05-07 20:10:00', '2025-05-07 21:00:00', 12, 0, 1, '1', '2025-05-06 00:04:53'),
(14, 6, '2025-05-08 07:00:00', '2025-05-08 08:00:00', 12, 0, 3, '1', '2025-05-06 00:16:29'),
(15, 8, '2025-05-08 08:15:00', '2025-05-08 09:15:00', 12, 0, 3, '1', '2025-05-06 00:16:48'),
(16, 6, '2025-05-08 18:00:00', '2025-05-08 19:00:00', 12, 0, 3, '1', '2025-05-06 00:17:08'),
(17, 6, '2025-05-08 19:10:00', '2025-05-08 20:00:00', 12, 0, 3, '1', '2025-05-06 00:17:26'),
(18, 2, '2025-05-09 07:00:00', '2025-05-09 08:00:00', 12, 0, 1, '1', '2025-05-06 00:18:10'),
(19, 2, '2025-05-09 08:15:00', '2025-05-09 09:10:00', 12, 0, 1, '1', '2025-05-06 00:18:22'),
(20, 10, '2025-05-09 09:30:00', '2025-05-09 10:30:00', 12, 0, 2, '1', '2025-05-06 00:18:36'),
(25, 15, '2025-05-10 08:00:00', '2025-05-10 09:00:00', 12, 0, 1, '1', '2025-05-09 18:27:31'),
(26, 2, '2025-05-10 09:10:00', '2025-05-10 10:10:00', 12, 0, 1, '1', '2025-05-13 21:40:30'),
(27, 5, '2025-05-14 07:00:00', '2025-05-14 08:00:00', 12, 0, 1, '1', '2025-05-13 21:51:20'),
(28, 5, '2025-05-26 18:00:00', '2025-05-26 19:00:00', 12, 1, 1, '1', '2025-05-26 14:18:22'),
(29, 5, '2025-05-26 19:10:00', '2025-05-26 20:00:00', 12, 0, 1, '1', '2025-05-26 14:18:36'),
(30, 4, '2025-05-26 20:10:00', '2025-05-26 21:00:00', 15, 0, 2, '1', '2025-05-26 14:18:53'),
(31, 6, '2025-05-27 07:00:00', '2025-05-27 08:00:00', 12, 0, 3, '1', '2025-05-26 14:19:21'),
(32, 8, '2025-05-27 08:15:00', '2025-05-27 09:00:00', 12, 0, 5, '1', '2025-05-26 14:19:35'),
(33, 6, '2025-05-27 18:10:00', '2025-05-27 19:00:00', 12, 4, 3, '1', '2025-05-26 14:19:57'),
(34, 6, '2025-05-27 19:10:00', '2025-05-27 20:00:00', 12, 0, 3, '1', '2025-05-26 14:20:12'),
(35, 6, '2025-05-27 20:10:00', '2025-05-27 21:00:00', 15, 0, 2, '1', '2025-05-26 14:20:25'),
(36, 5, '2025-05-28 07:00:00', '2025-05-28 08:00:00', 12, 0, 1, '1', '2025-05-26 14:21:02'),
(37, 5, '2025-05-28 08:15:00', '2025-05-28 09:00:00', 12, 0, 1, '1', '2025-05-26 14:21:16'),
(38, 10, '2025-05-28 09:30:00', '2025-05-28 10:30:00', 15, 0, 2, '1', '2025-05-26 14:21:38'),
(40, 3, '2025-05-28 19:30:00', '2025-05-28 20:30:00', 12, 0, 1, '1', '2025-05-26 14:22:23'),
(41, 6, '2025-05-29 07:00:00', '2025-05-29 08:00:00', 12, 0, 3, '1', '2025-05-26 14:22:43'),
(42, 8, '2025-05-29 08:15:00', '2025-05-29 09:00:00', 12, 0, 5, '1', '2025-05-26 14:22:58'),
(43, 6, '2025-05-29 18:10:00', '2025-05-29 19:00:00', 12, 1, 3, '1', '2025-05-26 14:23:37'),
(44, 6, '2025-05-29 19:10:00', '2025-05-29 20:00:00', 12, 0, 3, '1', '2025-05-26 14:23:48'),
(45, 2, '2025-05-30 07:00:00', '2025-05-30 20:00:00', 12, 0, 1, '1', '2025-05-26 14:24:03'),
(46, 2, '2025-05-30 08:15:00', '2025-05-30 09:00:00', 12, 0, 1, '1', '2025-05-26 14:24:19'),
(47, 10, '2025-05-30 09:30:00', '2025-05-30 10:30:00', 15, 0, 2, '1', '2025-05-26 14:24:35'),
(48, 15, '2025-05-31 07:30:00', '2025-05-31 08:30:00', 12, 0, 1, '1', '2025-05-26 14:24:53'),
(49, 15, '2025-05-31 08:30:00', '2025-05-31 09:30:00', 12, 1, 1, '1', '2025-05-26 14:25:03'),
(50, 15, '2025-05-31 09:40:00', '2025-05-31 10:45:00', 12, 0, 1, '1', '2025-05-26 14:25:17'),
(61, 2, '2025-06-02 08:15:00', '2025-06-02 09:10:00', 12, 0, 1, '1', '2025-06-07 13:39:10'),
(62, 2, '2025-06-09 08:15:00', '2025-06-09 09:10:00', 12, 0, 1, '1', '2025-06-07 13:39:10'),
(63, 2, '2025-06-16 08:15:00', '2025-06-16 09:10:00', 12, 0, 1, '1', '2025-06-07 13:39:10'),
(64, 2, '2025-06-23 08:15:00', '2025-06-23 09:10:00', 12, 2, 1, '1', '2025-06-07 13:39:10'),
(65, 2, '2025-06-30 08:15:00', '2025-06-30 09:10:00', 12, 3, 1, '1', '2025-06-07 13:39:10'),
(66, 2, '2025-06-02 07:00:00', '2025-06-02 08:00:00', 12, 0, 1, '1', '2025-06-07 13:39:37'),
(67, 2, '2025-06-09 07:00:00', '2025-06-09 08:00:00', 12, 0, 1, '1', '2025-06-07 13:39:37'),
(68, 2, '2025-06-16 07:00:00', '2025-06-16 08:00:00', 12, 1, 1, '1', '2025-06-07 13:39:37'),
(69, 2, '2025-06-23 07:00:00', '2025-06-23 08:00:00', 12, 5, 1, '1', '2025-06-07 13:39:37'),
(70, 2, '2025-06-30 07:00:00', '2025-06-30 08:00:00', 12, 10, 1, '1', '2025-06-07 13:39:37'),
(71, 10, '2025-06-02 09:30:00', '2025-06-02 10:30:00', 15, 0, 2, '1', '2025-06-07 13:40:26'),
(72, 10, '2025-06-09 09:30:00', '2025-06-09 10:30:00', 15, 0, 2, '1', '2025-06-07 13:40:26'),
(73, 10, '2025-06-16 09:30:00', '2025-06-16 10:30:00', 15, 0, 2, '1', '2025-06-07 13:40:26'),
(74, 10, '2025-06-23 09:30:00', '2025-06-23 10:30:00', 15, 0, 2, '1', '2025-06-07 13:40:26'),
(75, 10, '2025-06-30 09:30:00', '2025-06-30 10:30:00', 15, 0, 2, '1', '2025-06-07 13:40:26'),
(76, 6, '2025-06-03 07:00:00', '2025-06-03 08:00:00', 12, 0, 3, '1', '2025-06-07 13:40:54'),
(77, 6, '2025-06-05 07:00:00', '2025-06-05 08:00:00', 12, 0, 3, '1', '2025-06-07 13:40:54'),
(78, 6, '2025-06-10 07:00:00', '2025-06-10 08:00:00', 12, 0, 3, '1', '2025-06-07 13:40:54'),
(79, 6, '2025-06-12 07:00:00', '2025-06-12 08:00:00', 12, 1, 3, '1', '2025-06-07 13:40:54'),
(80, 6, '2025-06-17 07:00:00', '2025-06-17 08:00:00', 12, 1, 3, '1', '2025-06-07 13:40:54'),
(81, 6, '2025-06-19 07:00:00', '2025-06-19 08:00:00', 12, 3, 3, '1', '2025-06-07 13:40:54'),
(83, 6, '2025-06-26 07:00:00', '2025-06-26 08:00:00', 12, 6, 3, '1', '2025-06-07 13:40:54'),
(84, 8, '2025-06-03 08:15:00', '2025-06-03 09:10:00', 12, 0, 5, '1', '2025-06-07 13:41:17'),
(85, 8, '2025-06-05 08:15:00', '2025-06-05 09:10:00', 12, 0, 5, '1', '2025-06-07 13:41:17'),
(86, 8, '2025-06-10 08:15:00', '2025-06-10 09:10:00', 12, 0, 5, '1', '2025-06-07 13:41:17'),
(87, 8, '2025-06-12 08:15:00', '2025-06-12 09:10:00', 12, 0, 5, '1', '2025-06-07 13:41:17'),
(88, 8, '2025-06-17 08:15:00', '2025-06-17 09:10:00', 12, 0, 5, '1', '2025-06-07 13:41:17'),
(89, 8, '2025-06-19 08:15:00', '2025-06-19 09:10:00', 12, 1, 5, '1', '2025-06-07 13:41:17'),
(90, 8, '2025-06-24 08:15:00', '2025-06-24 09:10:00', 12, 3, 5, '1', '2025-06-07 13:41:17'),
(91, 8, '2025-06-26 08:15:00', '2025-06-26 09:10:00', 12, 6, 5, '1', '2025-06-07 13:41:17'),
(92, 6, '2025-06-03 18:10:00', '2025-06-03 19:00:00', 12, 0, 3, '1', '2025-06-07 13:41:37'),
(93, 6, '2025-06-05 18:10:00', '2025-06-05 19:00:00', 12, 0, 3, '1', '2025-06-07 13:41:37'),
(95, 6, '2025-06-12 18:10:00', '2025-06-12 19:00:00', 12, 0, 3, '1', '2025-06-07 13:41:37'),
(97, 6, '2025-06-19 18:10:00', '2025-06-19 19:00:00', 12, 1, 3, '1', '2025-06-07 13:41:37'),
(98, 6, '2025-06-24 18:10:00', '2025-06-24 19:00:00', 12, 1, 3, '1', '2025-06-07 13:41:37'),
(99, 6, '2025-06-26 18:10:00', '2025-06-26 19:00:00', 12, 1, 3, '1', '2025-06-07 13:41:37'),
(100, 6, '2025-06-03 19:10:00', '2025-06-03 20:00:00', 12, 0, 3, '1', '2025-06-07 13:41:55'),
(101, 6, '2025-06-05 19:10:00', '2025-06-05 20:00:00', 12, 0, 3, '1', '2025-06-07 13:41:55'),
(102, 6, '2025-06-10 19:10:00', '2025-06-10 20:00:00', 12, 0, 3, '1', '2025-06-07 13:41:55'),
(103, 6, '2025-06-12 19:10:00', '2025-06-12 20:00:00', 12, 0, 3, '1', '2025-06-07 13:41:55'),
(104, 6, '2025-06-17 19:10:00', '2025-06-17 20:00:00', 12, 2, 3, '1', '2025-06-07 13:41:55'),
(105, 6, '2025-06-19 19:10:00', '2025-06-19 20:00:00', 12, 2, 3, '1', '2025-06-07 13:41:55'),
(106, 6, '2025-06-24 19:10:00', '2025-06-24 20:00:00', 12, 5, 3, '1', '2025-06-07 13:41:55'),
(107, 6, '2025-06-26 19:10:00', '2025-06-26 20:00:00', 12, 3, 3, '1', '2025-06-07 13:41:55'),
(108, 5, '2025-06-04 07:00:00', '2025-06-04 08:00:00', 12, 0, 1, '1', '2025-06-07 13:42:19'),
(109, 5, '2025-06-11 07:00:00', '2025-06-11 08:00:00', 12, 0, 1, '1', '2025-06-07 13:42:19'),
(110, 5, '2025-06-18 07:00:00', '2025-06-18 08:00:00', 12, 0, 1, '1', '2025-06-07 13:42:19'),
(111, 5, '2025-06-25 07:00:00', '2025-06-25 08:00:00', 12, 5, 1, '1', '2025-06-07 13:42:19'),
(112, 5, '2025-06-04 08:15:00', '2025-06-04 09:10:00', 12, 0, 1, '1', '2025-06-07 13:42:36'),
(113, 5, '2025-06-11 08:15:00', '2025-06-11 09:10:00', 12, 0, 1, '1', '2025-06-07 13:42:36'),
(114, 5, '2025-06-18 08:15:00', '2025-06-18 09:10:00', 12, 2, 1, '1', '2025-06-07 13:42:36'),
(115, 5, '2025-06-25 08:15:00', '2025-06-25 09:10:00', 12, 3, 1, '1', '2025-06-07 13:42:36'),
(116, 3, '2025-06-04 18:30:00', '2025-06-04 19:30:00', 12, 0, 1, '1', '2025-06-07 13:42:52'),
(117, 3, '2025-06-11 18:30:00', '2025-06-11 19:30:00', 12, 0, 1, '1', '2025-06-07 13:42:52'),
(118, 3, '2025-06-18 18:30:00', '2025-06-18 19:30:00', 12, 12, 1, '1', '2025-06-07 13:42:52'),
(119, 3, '2025-06-25 18:30:00', '2025-06-25 19:30:00', 12, 10, 1, '1', '2025-06-07 13:42:52'),
(120, 3, '2025-06-04 19:30:00', '2025-06-04 20:30:00', 12, 0, 1, '1', '2025-06-07 13:43:06'),
(121, 3, '2025-06-11 19:30:00', '2025-06-11 20:30:00', 12, 0, 1, '1', '2025-06-07 13:43:06'),
(122, 3, '2025-06-18 19:30:00', '2025-06-18 20:30:00', 12, 12, 1, '1', '2025-06-07 13:43:06'),
(123, 3, '2025-06-25 19:30:00', '2025-06-25 20:30:00', 12, 10, 1, '1', '2025-06-07 13:43:06'),
(124, 2, '2025-06-06 07:00:00', '2025-06-06 08:00:00', 12, 0, 1, '1', '2025-06-07 13:43:36'),
(125, 2, '2025-06-13 07:00:00', '2025-06-13 08:00:00', 12, 9, 1, '1', '2025-06-07 13:43:36'),
(126, 2, '2025-06-20 07:00:00', '2025-06-20 08:00:00', 12, 3, 1, '1', '2025-06-07 13:43:36'),
(127, 2, '2025-06-27 07:00:00', '2025-06-27 08:00:00', 12, 7, 1, '1', '2025-06-07 13:43:36'),
(128, 2, '2025-06-06 08:15:00', '2025-06-06 09:00:00', 12, 0, 1, '1', '2025-06-07 13:43:53'),
(129, 2, '2025-06-13 08:15:00', '2025-06-13 09:00:00', 12, 1, 1, '1', '2025-06-07 13:43:53'),
(130, 2, '2025-06-20 08:15:00', '2025-06-20 09:00:00', 12, 5, 1, '1', '2025-06-07 13:43:53'),
(131, 2, '2025-06-27 08:15:00', '2025-06-27 09:00:00', 12, 4, 1, '1', '2025-06-07 13:43:53'),
(132, 10, '2025-06-04 09:30:00', '2025-06-04 10:30:00', 15, 0, 2, '1', '2025-06-07 13:44:15'),
(133, 10, '2025-06-06 09:30:00', '2025-06-06 10:30:00', 15, 0, 2, '1', '2025-06-07 13:44:15'),
(134, 10, '2025-06-11 09:30:00', '2025-06-11 10:30:00', 15, 0, 2, '1', '2025-06-07 13:44:15'),
(135, 10, '2025-06-13 09:30:00', '2025-06-13 10:30:00', 15, 0, 2, '1', '2025-06-07 13:44:15'),
(136, 10, '2025-06-18 09:30:00', '2025-06-18 10:30:00', 15, 0, 2, '1', '2025-06-07 13:44:15'),
(137, 10, '2025-06-20 09:30:00', '2025-06-20 10:30:00', 15, 0, 2, '1', '2025-06-07 13:44:15'),
(138, 10, '2025-06-25 09:30:00', '2025-06-25 10:30:00', 15, 0, 2, '1', '2025-06-07 13:44:15'),
(139, 10, '2025-06-27 09:30:00', '2025-06-27 10:30:00', 15, 0, 2, '1', '2025-06-07 13:44:15'),
(147, 15, '2025-06-28 07:30:00', '2025-06-28 08:30:00', 12, 11, 1, '1', '2025-06-07 13:54:08'),
(155, 15, '2025-06-28 09:40:00', '2025-06-28 10:30:00', 12, 6, 1, '1', '2025-06-07 13:54:39'),
(159, 15, '2025-06-28 08:30:00', '2025-06-28 09:30:00', 12, 6, 1, '1', '2025-06-07 13:56:09'),
(162, 3, '2025-06-21 08:30:00', '2025-06-21 09:30:00', 12, 11, 1, '1', '2025-06-07 13:58:19'),
(166, 3, '2025-06-21 07:30:00', '2025-06-21 08:30:00', 12, 10, 1, '1', '2025-06-07 13:58:57'),
(174, 3, '2025-06-21 09:40:00', '2025-06-21 10:30:00', 12, 3, 1, '1', '2025-06-07 14:00:01'),
(176, 3, '2025-05-04 08:30:00', '2025-05-04 09:30:00', 12, 0, 1, '1', '2025-06-07 14:01:22'),
(177, 3, '2025-05-11 08:30:00', '2025-05-11 09:30:00', 12, 0, 1, '1', '2025-06-07 14:01:22'),
(178, 3, '2025-05-18 08:30:00', '2025-05-18 09:30:00', 12, 0, 1, '1', '2025-06-07 14:01:22'),
(179, 3, '2025-05-25 08:30:00', '2025-05-25 09:30:00', 12, 0, 1, '1', '2025-06-07 14:01:22'),
(180, 3, '2025-06-01 08:30:00', '2025-06-01 09:30:00', 12, 0, 1, '1', '2025-06-07 14:02:24'),
(185, 3, '2025-06-01 09:30:00', '2025-06-01 10:30:00', 12, 0, 1, '1', '2025-06-07 14:03:02'),
(190, 17, '2025-06-01 08:30:00', '2025-06-01 09:30:00', 12, 0, 1, '1', '2025-06-07 14:04:48'),
(193, 17, '2025-06-22 08:30:00', '2025-06-22 09:30:00', 12, 6, 1, '1', '2025-06-07 14:04:48'),
(194, 17, '2025-06-29 08:30:00', '2025-06-29 09:30:00', 12, 10, 1, '1', '2025-06-07 14:04:48'),
(195, 17, '2025-06-01 09:30:00', '2025-06-01 10:30:00', 12, 0, 1, '1', '2025-06-07 14:05:19'),
(198, 17, '2025-06-22 09:30:00', '2025-06-22 10:30:00', 12, 3, 1, '1', '2025-06-07 14:05:19'),
(199, 17, '2025-06-29 09:30:00', '2025-06-29 10:30:00', 12, 5, 1, '1', '2025-06-07 14:05:19'),
(200, 6, '2025-06-03 20:10:00', '2025-06-03 21:00:00', 14, 0, 2, '1', '2025-06-14 04:53:03'),
(201, 6, '2025-06-10 20:10:00', '2025-06-10 21:00:00', 14, 0, 2, '1', '2025-06-14 04:53:03'),
(202, 6, '2025-06-17 20:10:00', '2025-06-17 21:00:00', 14, 2, 2, '1', '2025-06-14 04:53:03'),
(203, 6, '2025-06-24 20:10:00', '2025-06-24 21:00:00', 14, 3, 2, '1', '2025-06-14 04:53:03'),
(204, 5, '2025-06-02 18:00:00', '2025-06-02 19:00:00', 12, 0, 1, '1', '2025-06-15 14:37:59'),
(205, 5, '2025-06-09 18:00:00', '2025-06-09 19:00:00', 12, 0, 1, '1', '2025-06-15 14:37:59'),
(206, 5, '2025-06-16 18:00:00', '2025-06-16 19:00:00', 12, 2, 1, '1', '2025-06-15 14:37:59'),
(207, 5, '2025-06-23 18:00:00', '2025-06-23 19:00:00', 12, 7, 1, '1', '2025-06-15 14:37:59'),
(208, 5, '2025-06-30 18:00:00', '2025-06-30 19:00:00', 12, 9, 1, '1', '2025-06-15 14:37:59'),
(209, 5, '2025-06-02 19:10:00', '2025-06-02 20:00:00', 12, 0, 1, '1', '2025-06-15 14:38:17'),
(210, 5, '2025-06-09 19:10:00', '2025-06-09 20:00:00', 12, 0, 1, '1', '2025-06-15 14:38:17'),
(211, 5, '2025-06-16 19:10:00', '2025-06-16 20:00:00', 12, 5, 1, '1', '2025-06-15 14:38:17'),
(212, 5, '2025-06-23 19:10:00', '2025-06-23 20:00:00', 12, 12, 1, '1', '2025-06-15 14:38:17'),
(213, 5, '2025-06-30 19:10:00', '2025-06-30 20:00:00', 12, 6, 1, '1', '2025-06-15 14:38:17'),
(214, 6, '2025-06-03 07:00:00', '2025-06-03 08:00:00', 12, 0, 3, '1', '2025-06-16 13:09:51'),
(215, 6, '2025-06-10 07:00:00', '2025-06-10 08:00:00', 12, 0, 3, '1', '2025-06-16 13:09:51'),
(217, 6, '2025-06-24 07:00:00', '2025-06-24 08:00:00', 12, 2, 3, '1', '2025-06-16 13:09:51'),
(218, 6, '2025-07-01 07:00:00', '2025-07-01 08:00:00', 12, 3, 3, '1', '2025-06-16 13:11:06'),
(219, 6, '2025-07-08 07:00:00', '2025-07-08 08:00:00', 12, 6, 3, '1', '2025-06-16 13:11:06'),
(220, 6, '2025-07-15 07:00:00', '2025-07-15 08:00:00', 12, 8, 3, '1', '2025-06-16 13:11:06'),
(221, 6, '2025-07-22 07:00:00', '2025-07-22 08:00:00', 12, 5, 3, '1', '2025-06-16 13:11:06'),
(222, 6, '2025-07-29 07:00:00', '2025-07-29 08:00:00', 12, 6, 3, '1', '2025-06-16 13:11:06'),
(223, 8, '2025-07-01 08:15:00', '2025-07-01 09:15:00', 12, 6, 5, '1', '2025-06-16 13:11:50'),
(224, 8, '2025-07-08 08:15:00', '2025-07-08 09:15:00', 12, 7, 5, '1', '2025-06-16 13:11:50'),
(225, 8, '2025-07-15 08:15:00', '2025-07-15 09:15:00', 12, 5, 5, '1', '2025-06-16 13:11:50'),
(226, 8, '2025-07-22 08:15:00', '2025-07-22 09:15:00', 12, 4, 5, '1', '2025-06-16 13:11:50'),
(228, 5, '2025-07-02 07:00:00', '2025-07-02 08:00:00', 12, 6, 1, '1', '2025-06-16 13:12:44'),
(229, 5, '2025-07-09 07:00:00', '2025-07-09 08:00:00', 12, 8, 1, '1', '2025-06-16 13:12:44'),
(231, 5, '2025-07-23 07:00:00', '2025-07-23 08:00:00', 12, 8, 1, '1', '2025-06-16 13:12:44'),
(233, 5, '2025-07-02 08:15:00', '2025-07-02 09:15:00', 12, 8, 1, '1', '2025-06-16 13:13:12'),
(234, 5, '2025-07-09 08:15:00', '2025-07-09 09:15:00', 12, 7, 1, '1', '2025-06-16 13:13:12'),
(236, 5, '2025-07-23 08:15:00', '2025-07-23 09:15:00', 12, 4, 1, '1', '2025-06-16 13:13:12'),
(240, 10, '2025-07-16 09:30:00', '2025-07-16 10:30:00', 12, 2, 2, '1', '2025-06-16 13:13:53'),
(241, 10, '2025-07-23 09:30:00', '2025-07-23 10:30:00', 12, 0, 2, '1', '2025-06-16 13:13:53'),
(243, 6, '2025-06-03 18:10:00', '2025-06-03 19:00:00', 12, 0, 3, '1', '2025-06-17 13:17:59'),
(244, 6, '2025-06-10 18:10:00', '2025-06-10 19:00:00', 12, 0, 3, '1', '2025-06-17 13:17:59'),
(247, 3, '2025-07-02 18:30:00', '2025-07-02 19:30:00', 12, 12, 1, '1', '2025-06-17 13:19:12'),
(248, 3, '2025-07-09 18:30:00', '2025-07-09 19:30:00', 12, 12, 1, '1', '2025-06-17 13:19:12'),
(249, 3, '2025-07-16 18:30:00', '2025-07-16 19:30:00', 12, 11, 1, '1', '2025-06-17 13:19:12'),
(250, 3, '2025-07-23 18:30:00', '2025-07-23 19:30:00', 12, 12, 1, '1', '2025-06-17 13:19:12'),
(251, 3, '2025-07-30 18:30:00', '2025-07-30 19:30:00', 12, 12, 1, '1', '2025-06-17 13:19:12'),
(252, 3, '2025-07-02 19:30:00', '2025-07-02 20:30:00', 12, 12, 1, '1', '2025-06-17 13:19:30'),
(253, 3, '2025-07-09 19:30:00', '2025-07-09 20:30:00', 12, 8, 1, '1', '2025-06-17 13:19:30'),
(254, 3, '2025-07-16 19:30:00', '2025-07-16 20:30:00', 12, 11, 1, '1', '2025-06-17 13:19:30'),
(255, 3, '2025-07-23 19:30:00', '2025-07-23 20:30:00', 12, 12, 1, '1', '2025-06-17 13:19:30'),
(256, 3, '2025-07-30 19:30:00', '2025-07-30 20:30:00', 12, 12, 1, '1', '2025-06-17 13:19:30'),
(257, 2, '2025-07-04 07:00:00', '2025-07-04 08:00:00', 12, 4, 1, '1', '2025-06-17 13:20:12'),
(258, 2, '2025-07-07 07:00:00', '2025-07-07 08:00:00', 12, 3, 1, '1', '2025-06-17 13:20:12'),
(259, 2, '2025-07-11 07:00:00', '2025-07-11 08:00:00', 12, 6, 1, '1', '2025-06-17 13:20:12'),
(261, 2, '2025-07-18 07:00:00', '2025-07-18 08:00:00', 12, 12, 1, '1', '2025-06-17 13:20:12'),
(263, 2, '2025-07-25 07:00:00', '2025-07-25 08:00:00', 12, 10, 1, '1', '2025-06-17 13:20:12'),
(265, 10, '2025-07-02 09:30:00', '2025-07-02 10:30:00', 15, 0, 2, '1', '2025-06-17 13:20:47'),
(266, 10, '2025-07-04 09:30:00', '2025-07-04 10:30:00', 15, 3, 2, '1', '2025-06-17 13:20:47'),
(267, 10, '2025-07-07 09:30:00', '2025-07-07 10:30:00', 15, 0, 2, '1', '2025-06-17 13:20:47'),
(268, 10, '2025-07-09 09:30:00', '2025-07-09 10:30:00', 15, 1, 2, '1', '2025-06-17 13:20:47'),
(270, 10, '2025-07-14 09:30:00', '2025-07-14 10:30:00', 15, 2, 2, '1', '2025-06-17 13:20:47'),
(272, 10, '2025-07-18 09:30:00', '2025-07-18 10:30:00', 15, 0, 2, '1', '2025-06-17 13:20:47'),
(273, 10, '2025-07-21 09:30:00', '2025-07-21 10:30:00', 15, 0, 2, '1', '2025-06-17 13:20:47'),
(275, 10, '2025-07-25 09:30:00', '2025-07-25 10:30:00', 15, 2, 2, '1', '2025-06-17 13:20:47'),
(276, 10, '2025-07-28 09:30:00', '2025-07-28 10:30:00', 15, 0, 2, '1', '2025-06-17 13:20:47'),
(277, 10, '2025-07-30 09:30:00', '2025-07-30 10:30:00', 15, 0, 2, '1', '2025-06-17 13:20:47'),
(278, 2, '2025-07-04 08:15:00', '2025-07-04 09:10:00', 12, 6, 1, '1', '2025-06-17 13:21:13'),
(279, 2, '2025-07-07 08:15:00', '2025-07-07 09:10:00', 12, 3, 1, '1', '2025-06-17 13:21:13'),
(280, 2, '2025-07-11 08:15:00', '2025-07-11 09:10:00', 12, 8, 1, '1', '2025-06-17 13:21:13'),
(282, 2, '2025-07-18 08:15:00', '2025-07-18 09:10:00', 12, 3, 1, '1', '2025-06-17 13:21:13'),
(284, 2, '2025-07-25 08:15:00', '2025-07-25 09:10:00', 12, 4, 1, '1', '2025-06-17 13:21:13'),
(286, 5, '2025-07-07 18:00:00', '2025-07-07 19:00:00', 12, 5, 1, '1', '2025-06-17 13:21:40'),
(290, 5, '2025-07-07 19:10:00', '2025-07-07 20:00:00', 12, 5, 1, '1', '2025-06-17 13:21:56'),
(294, 6, '2025-06-03 18:10:00', '2025-06-03 19:00:00', 12, 0, 3, '1', '2025-06-17 13:22:18'),
(295, 6, '2025-06-05 18:10:00', '2025-06-05 19:00:00', 12, 0, 3, '1', '2025-06-17 13:22:18'),
(296, 6, '2025-06-10 18:10:00', '2025-06-10 19:00:00', 12, 0, 3, '1', '2025-06-17 13:22:18'),
(297, 6, '2025-06-12 18:10:00', '2025-06-12 19:00:00', 12, 0, 3, '1', '2025-06-17 13:22:18'),
(298, 6, '2025-06-17 18:10:00', '2025-06-17 19:00:00', 12, 1, 3, '1', '2025-06-17 13:22:18'),
(302, 6, '2025-07-01 18:10:00', '2025-07-01 19:00:00', 12, 1, 3, '1', '2025-06-17 13:22:55'),
(304, 6, '2025-07-08 18:10:00', '2025-07-08 19:00:00', 12, 0, 3, '1', '2025-06-17 13:22:55'),
(305, 6, '2025-07-10 18:10:00', '2025-07-10 19:00:00', 12, 4, 3, '1', '2025-06-17 13:22:55'),
(306, 6, '2025-07-15 18:10:00', '2025-07-15 19:00:00', 12, 1, 3, '1', '2025-06-17 13:22:55'),
(310, 6, '2025-07-29 18:10:00', '2025-07-29 19:00:00', 12, 6, 3, '1', '2025-06-17 13:22:55'),
(312, 6, '2025-07-01 19:10:00', '2025-07-01 20:00:00', 12, 6, 3, '1', '2025-06-17 13:23:13'),
(313, 6, '2025-07-03 19:10:00', '2025-07-03 20:00:00', 12, 8, 3, '1', '2025-06-17 13:23:13'),
(314, 6, '2025-07-08 19:10:00', '2025-07-08 20:00:00', 12, 5, 3, '1', '2025-06-17 13:23:13'),
(315, 6, '2025-07-10 19:10:00', '2025-07-10 20:00:00', 12, 4, 3, '1', '2025-06-17 13:23:13'),
(316, 6, '2025-07-15 19:10:00', '2025-07-15 20:00:00', 12, 8, 3, '1', '2025-06-17 13:23:13'),
(317, 6, '2025-07-17 19:10:00', '2025-07-17 20:00:00', 12, 7, 3, '1', '2025-06-17 13:23:13'),
(318, 6, '2025-07-22 19:10:00', '2025-07-22 20:00:00', 12, 12, 3, '1', '2025-06-17 13:23:13'),
(319, 6, '2025-07-24 19:10:00', '2025-07-24 20:00:00', 12, 8, 3, '1', '2025-06-17 13:23:13'),
(320, 6, '2025-07-29 19:10:00', '2025-07-29 20:00:00', 12, 8, 3, '1', '2025-06-17 13:23:13'),
(321, 6, '2025-07-31 19:10:00', '2025-07-31 20:00:00', 12, 9, 3, '1', '2025-06-17 13:23:13'),
(322, 6, '2025-06-03 20:10:00', '2025-06-03 21:00:00', 15, 0, 2, '1', '2025-06-17 13:23:41'),
(323, 6, '2025-06-10 20:10:00', '2025-06-10 21:00:00', 15, 0, 2, '1', '2025-06-17 13:23:41'),
(326, 6, '2025-07-01 20:10:00', '2025-07-01 21:00:00', 15, 6, 2, '1', '2025-06-17 13:24:04'),
(327, 6, '2025-07-08 20:10:00', '2025-07-08 21:00:00', 15, 4, 2, '1', '2025-06-17 13:24:04'),
(328, 6, '2025-07-15 20:10:00', '2025-07-15 21:00:00', 15, 2, 2, '1', '2025-06-17 13:24:04'),
(329, 6, '2025-07-22 20:10:00', '2025-07-22 21:00:00', 15, 5, 2, '1', '2025-06-17 13:24:04'),
(330, 6, '2025-07-29 20:10:00', '2025-07-29 21:00:00', 15, 3, 2, '1', '2025-06-17 13:24:04'),
(331, 6, '2025-07-03 18:10:00', '2025-07-03 19:00:00', 12, 9, 3, '1', '2025-06-17 13:24:25'),
(333, 6, '2025-07-17 18:10:00', '2025-07-17 19:00:00', 12, 3, 3, '1', '2025-06-17 13:24:25'),
(334, 6, '2025-07-24 18:10:00', '2025-07-24 19:00:00', 12, 11, 3, '1', '2025-06-17 13:24:25'),
(335, 6, '2025-07-31 18:10:00', '2025-07-31 19:00:00', 12, 5, 3, '1', '2025-06-17 13:24:25'),
(336, 6, '2025-07-03 07:00:00', '2025-07-03 08:00:00', 12, 4, 3, '1', '2025-06-17 13:25:45'),
(337, 6, '2025-07-10 07:00:00', '2025-07-10 08:00:00', 12, 5, 3, '1', '2025-06-17 13:25:45'),
(338, 6, '2025-07-17 07:00:00', '2025-07-17 08:00:00', 12, 12, 3, '1', '2025-06-17 13:25:45'),
(339, 6, '2025-07-24 07:00:00', '2025-07-24 08:00:00', 12, 9, 3, '1', '2025-06-17 13:25:45'),
(340, 6, '2025-07-31 07:00:00', '2025-07-31 08:00:00', 12, 5, 3, '1', '2025-06-17 13:25:45'),
(341, 8, '2025-07-03 08:15:00', '2025-07-03 09:10:00', 12, 6, 5, '1', '2025-06-17 13:26:11'),
(342, 8, '2025-07-10 08:15:00', '2025-07-10 09:10:00', 12, 4, 5, '1', '2025-06-17 13:26:11'),
(343, 8, '2025-07-17 08:15:00', '2025-07-17 09:10:00', 12, 4, 5, '1', '2025-06-17 13:26:11'),
(344, 8, '2025-07-24 08:15:00', '2025-07-24 09:10:00', 12, 3, 5, '1', '2025-06-17 13:26:11'),
(345, 8, '2025-07-31 08:15:00', '2025-07-31 09:10:00', 12, 1, 5, '1', '2025-06-17 13:26:11'),
(346, 18, '2025-07-05 07:30:00', '2025-07-05 08:30:00', 12, 11, 1, '1', '2025-06-27 15:10:17'),
(348, 18, '2025-07-19 07:30:00', '2025-07-19 08:30:00', 12, 11, 1, '1', '2025-06-27 15:10:17'),
(349, 18, '2025-07-26 07:30:00', '2025-07-26 08:30:00', 12, 6, 1, '1', '2025-06-27 15:10:17'),
(350, 18, '2025-07-05 08:40:00', '2025-07-05 09:30:00', 12, 5, 1, '1', '2025-06-27 15:11:03'),
(352, 18, '2025-07-19 08:40:00', '2025-07-19 09:30:00', 12, 11, 1, '1', '2025-06-27 15:11:03'),
(354, 18, '2025-07-05 09:40:00', '2025-07-05 10:30:00', 12, 5, 1, '1', '2025-06-27 15:11:29'),
(356, 18, '2025-07-19 09:40:00', '2025-07-19 10:30:00', 12, 4, 1, '1', '2025-06-27 15:11:29'),
(359, 3, '2025-07-12 09:40:00', '2025-07-12 10:30:00', 12, 8, 1, '1', '2025-06-27 15:12:23'),
(363, 3, '2025-07-12 07:30:00', '2025-07-12 08:40:00', 12, 12, 1, '1', '2025-06-27 15:15:44'),
(367, 3, '2025-07-12 08:40:00', '2025-07-12 09:40:00', 12, 10, 1, '1', '2025-06-27 15:19:19'),
(370, 17, '2025-07-06 08:30:00', '2025-07-06 09:30:00', 12, 12, 1, '1', '2025-07-01 01:08:45'),
(372, 17, '2025-07-20 08:30:00', '2025-07-20 09:30:00', 12, 5, 1, '1', '2025-07-01 01:08:45'),
(374, 17, '2025-07-06 09:30:00', '2025-07-06 10:30:00', 12, 12, 1, '1', '2025-07-01 01:09:05'),
(376, 17, '2025-07-20 09:30:00', '2025-07-20 10:30:00', 12, 2, 1, '1', '2025-07-01 01:09:05'),
(379, 3, '2025-07-13 08:30:00', '2025-07-13 09:30:00', 12, 7, 1, '1', '2025-07-06 15:19:21'),
(383, 3, '2025-07-13 09:30:00', '2025-07-13 10:30:00', 12, 3, 1, '1', '2025-07-06 15:19:35'),
(393, 2, '2025-07-27 08:30:00', '2025-07-27 09:30:00', 12, 12, 1, '1', '2025-07-06 15:21:49'),
(394, 8, '2025-07-07 20:10:00', '2025-07-07 21:00:00', 12, 3, 5, '1', '2025-07-06 15:25:24'),
(395, 8, '2025-07-14 20:10:00', '2025-07-14 21:00:00', 12, 8, 5, '1', '2025-07-06 15:25:24'),
(396, 8, '2025-07-21 20:10:00', '2025-07-21 21:00:00', 12, 6, 5, '1', '2025-07-06 15:25:24'),
(397, 8, '2025-07-28 20:10:00', '2025-07-28 21:00:00', 12, 5, 5, '1', '2025-07-06 15:25:24'),
(398, 20, '2025-07-04 18:30:00', '2025-07-04 19:30:00', 12, 0, 5, '1', '2025-07-09 00:32:55'),
(399, 20, '2025-07-11 18:30:00', '2025-07-11 19:30:00', 12, 1, 5, '1', '2025-07-09 00:32:55'),
(400, 20, '2025-07-18 18:30:00', '2025-07-18 19:30:00', 12, 7, 5, '1', '2025-07-09 00:32:55'),
(401, 20, '2025-07-25 18:30:00', '2025-07-25 19:30:00', 12, 3, 5, '1', '2025-07-09 00:32:55'),
(402, 18, '2025-07-07 07:00:00', '2025-07-07 08:00:00', 12, 0, 1, '1', '2025-07-09 02:23:16'),
(403, 18, '2025-07-14 07:00:00', '2025-07-14 08:00:00', 12, 8, 1, '1', '2025-07-09 02:23:16'),
(404, 18, '2025-07-21 07:00:00', '2025-07-21 08:00:00', 12, 3, 1, '1', '2025-07-09 02:23:16'),
(405, 18, '2025-07-28 07:00:00', '2025-07-28 08:00:00', 12, 10, 1, '1', '2025-07-09 02:23:16'),
(406, 18, '2025-07-07 08:15:00', '2025-07-07 09:10:00', 12, 0, 1, '1', '2025-07-09 02:23:56'),
(410, 18, '2025-07-07 08:15:00', '2025-07-07 09:10:00', 12, 0, 1, '1', '2025-07-09 02:24:36'),
(413, 18, '2025-07-28 08:15:00', '2025-07-28 09:10:00', 12, 6, 1, '1', '2025-07-09 02:24:36'),
(414, 18, '2025-07-02 08:15:00', '2025-07-02 09:10:00', 12, 0, 1, '1', '2025-07-09 02:25:19'),
(416, 18, '2025-07-16 08:15:00', '2025-07-16 09:10:00', 12, 4, 1, '1', '2025-07-09 02:25:19'),
(419, 18, '2025-07-02 07:00:00', '2025-07-02 08:00:00', 12, 0, 1, '1', '2025-07-09 02:26:34'),
(421, 18, '2025-07-16 07:00:00', '2025-07-16 08:00:00', 12, 4, 1, '1', '2025-07-09 02:26:34'),
(424, 21, '2025-07-07 18:10:00', '2025-07-07 19:00:00', 12, 0, 1, '1', '2025-07-09 02:30:02'),
(425, 21, '2025-07-14 18:10:00', '2025-07-14 19:00:00', 12, 5, 1, '1', '2025-07-09 02:30:02'),
(426, 21, '2025-07-21 18:10:00', '2025-07-21 19:00:00', 12, 9, 1, '1', '2025-07-09 02:30:02'),
(427, 21, '2025-07-28 18:10:00', '2025-07-28 19:00:00', 12, 6, 1, '1', '2025-07-09 02:30:02'),
(428, 21, '2025-07-07 19:10:00', '2025-07-07 20:00:00', 12, 0, 1, '1', '2025-07-09 02:30:17'),
(429, 21, '2025-07-14 19:10:00', '2025-07-14 20:00:00', 12, 7, 1, '1', '2025-07-09 02:30:17'),
(430, 21, '2025-07-21 19:10:00', '2025-07-21 20:00:00', 12, 10, 1, '1', '2025-07-09 02:30:17'),
(431, 21, '2025-07-28 19:10:00', '2025-07-28 20:00:00', 12, 11, 1, '1', '2025-07-09 02:30:17'),
(432, 2, '2025-07-07 08:15:00', '2025-07-07 09:10:00', 12, 0, 1, '1', '2025-07-11 21:50:29'),
(436, 18, '2025-07-07 08:15:00', '2025-07-07 09:10:00', 12, 0, 1, '1', '2025-07-11 21:52:34'),
(437, 18, '2025-07-14 08:15:00', '2025-07-14 09:10:00', 12, 10, 1, '1', '2025-07-11 21:52:34'),
(438, 18, '2025-07-21 08:15:00', '2025-07-21 09:10:00', 12, 3, 1, '1', '2025-07-11 21:52:34'),
(440, 18, '2025-07-05 08:30:00', '2025-07-05 09:30:00', 12, 0, 1, '1', '2025-07-22 16:14:48'),
(441, 18, '2025-07-12 08:30:00', '2025-07-12 09:30:00', 12, 0, 1, '1', '2025-07-22 16:14:48'),
(442, 18, '2025-07-19 08:30:00', '2025-07-19 09:30:00', 12, 0, 1, '1', '2025-07-22 16:14:48'),
(443, 18, '2025-07-26 08:30:00', '2025-07-26 09:30:00', 12, 6, 1, '1', '2025-07-22 16:14:48'),
(444, 18, '2025-07-05 09:40:00', '2025-07-05 10:30:00', 12, 0, 1, '1', '2025-07-22 16:15:08'),
(445, 18, '2025-07-12 09:40:00', '2025-07-12 10:30:00', 12, 0, 1, '1', '2025-07-22 16:15:08'),
(446, 18, '2025-07-19 09:40:00', '2025-07-19 10:30:00', 12, 0, 1, '1', '2025-07-22 16:15:08'),
(448, 22, '2025-07-02 07:00:00', '2025-07-02 08:00:00', 12, 0, 1, '1', '2025-07-23 14:22:53'),
(449, 22, '2025-07-09 07:00:00', '2025-07-09 08:00:00', 12, 0, 1, '1', '2025-07-23 14:22:53'),
(450, 22, '2025-07-16 07:00:00', '2025-07-16 08:00:00', 12, 0, 1, '1', '2025-07-23 14:22:53'),
(452, 22, '2025-07-30 07:00:00', '2025-07-30 08:00:00', 12, 9, 1, '1', '2025-07-23 14:22:53'),
(453, 22, '2025-07-02 08:15:00', '2025-07-02 09:10:00', 12, 0, 1, '1', '2025-07-23 14:23:16'),
(454, 22, '2025-07-09 08:15:00', '2025-07-09 09:10:00', 12, 0, 1, '1', '2025-07-23 14:23:16'),
(455, 22, '2025-07-16 08:15:00', '2025-07-16 09:10:00', 12, 0, 1, '1', '2025-07-23 14:23:16'),
(456, 22, '2025-07-23 08:15:00', '2025-07-23 09:10:00', 12, 0, 1, '1', '2025-07-23 14:23:16'),
(457, 22, '2025-07-30 08:15:00', '2025-07-30 09:10:00', 12, 3, 1, '1', '2025-07-23 14:23:16'),
(458, 17, '2025-08-04 07:00:00', '2025-08-04 08:00:00', 12, 6, 1, '1', '2025-07-26 14:13:53'),
(459, 17, '2025-08-08 07:00:00', '2025-08-08 08:00:00', 12, 2, 1, '1', '2025-07-26 14:13:53'),
(460, 17, '2025-08-11 07:00:00', '2025-08-11 08:00:00', 12, 1, 1, '1', '2025-07-26 14:13:53'),
(461, 17, '2025-08-15 07:00:00', '2025-08-15 08:00:00', 12, 0, 1, '1', '2025-07-26 14:13:53'),
(462, 17, '2025-08-18 07:00:00', '2025-08-18 08:00:00', 12, 0, 1, '1', '2025-07-26 14:13:53'),
(463, 17, '2025-08-22 07:00:00', '2025-08-22 08:00:00', 12, 0, 1, '1', '2025-07-26 14:13:53'),
(464, 17, '2025-08-25 07:00:00', '2025-08-25 08:00:00', 12, 0, 1, '1', '2025-07-26 14:13:53'),
(465, 17, '2025-08-29 07:00:00', '2025-08-29 08:00:00', 12, 0, 1, '1', '2025-07-26 14:13:53'),
(466, 17, '2025-08-04 08:15:00', '2025-08-04 09:10:00', 12, 3, 1, '1', '2025-07-26 14:14:13'),
(467, 17, '2025-08-08 08:15:00', '2025-08-08 09:10:00', 12, 0, 1, '1', '2025-07-26 14:14:13'),
(468, 17, '2025-08-11 08:15:00', '2025-08-11 09:10:00', 12, 0, 1, '1', '2025-07-26 14:14:13'),
(469, 17, '2025-08-15 08:15:00', '2025-08-15 09:10:00', 12, 0, 1, '1', '2025-07-26 14:14:13'),
(470, 17, '2025-08-18 08:15:00', '2025-08-18 09:10:00', 12, 0, 1, '1', '2025-07-26 14:14:13'),
(471, 17, '2025-08-22 08:15:00', '2025-08-22 09:10:00', 12, 0, 1, '1', '2025-07-26 14:14:13'),
(472, 17, '2025-08-25 08:15:00', '2025-08-25 09:10:00', 12, 0, 1, '1', '2025-07-26 14:14:13'),
(473, 17, '2025-08-29 08:15:00', '2025-08-29 09:10:00', 12, 0, 1, '1', '2025-07-26 14:14:13'),
(474, 10, '2025-08-04 09:30:00', '2025-08-04 10:30:00', 12, 0, 2, '1', '2025-07-26 14:15:37'),
(475, 10, '2025-08-06 09:30:00', '2025-08-06 10:30:00', 12, 0, 2, '1', '2025-07-26 14:15:37'),
(476, 10, '2025-08-08 09:30:00', '2025-08-08 10:30:00', 12, 0, 2, '1', '2025-07-26 14:15:37'),
(477, 10, '2025-08-11 09:30:00', '2025-08-11 10:30:00', 12, 0, 2, '1', '2025-07-26 14:15:37'),
(478, 10, '2025-08-13 09:30:00', '2025-08-13 10:30:00', 12, 0, 2, '1', '2025-07-26 14:15:37'),
(479, 10, '2025-08-15 09:30:00', '2025-08-15 10:30:00', 12, 0, 2, '1', '2025-07-26 14:15:37'),
(480, 10, '2025-08-18 09:30:00', '2025-08-18 10:30:00', 12, 0, 2, '1', '2025-07-26 14:15:37'),
(481, 10, '2025-08-20 09:30:00', '2025-08-20 10:30:00', 12, 0, 2, '1', '2025-07-26 14:15:37'),
(482, 10, '2025-08-22 09:30:00', '2025-08-22 10:30:00', 12, 0, 2, '1', '2025-07-26 14:15:37'),
(483, 10, '2025-08-25 09:30:00', '2025-08-25 10:30:00', 12, 0, 2, '1', '2025-07-26 14:15:37'),
(484, 10, '2025-08-27 09:30:00', '2025-08-27 10:30:00', 12, 0, 2, '1', '2025-07-26 14:15:37'),
(486, 21, '2025-08-04 18:10:00', '2025-08-04 19:00:00', 12, 5, 1, '1', '2025-07-26 14:16:34'),
(487, 21, '2025-08-11 18:10:00', '2025-08-11 19:00:00', 12, 1, 1, '1', '2025-07-26 14:16:34'),
(488, 21, '2025-08-18 18:10:00', '2025-08-18 19:00:00', 12, 1, 1, '1', '2025-07-26 14:16:34'),
(489, 21, '2025-08-25 18:10:00', '2025-08-25 19:00:00', 12, 0, 1, '1', '2025-07-26 14:16:34'),
(490, 21, '2025-08-11 19:10:00', '2025-08-11 20:00:00', 12, 0, 1, '1', '2025-07-26 14:16:51'),
(491, 21, '2025-08-18 19:10:00', '2025-08-18 20:00:00', 12, 0, 1, '1', '2025-07-26 14:16:51'),
(493, 8, '2025-08-04 20:10:00', '2025-08-04 21:00:00', 12, 4, 5, '1', '2025-07-26 14:17:18'),
(494, 8, '2025-08-11 20:10:00', '2025-08-11 21:00:00', 12, 0, 5, '1', '2025-07-26 14:17:18'),
(495, 8, '2025-08-18 20:10:00', '2025-08-18 21:00:00', 12, 0, 5, '1', '2025-07-26 14:17:18'),
(496, 8, '2025-08-25 20:10:00', '2025-08-25 21:00:00', 12, 0, 5, '1', '2025-07-26 14:17:18'),
(497, 6, '2025-08-05 07:00:00', '2025-08-05 08:00:00', 12, 4, 3, '1', '2025-07-26 14:17:49'),
(498, 6, '2025-08-07 07:00:00', '2025-08-07 08:00:00', 12, 1, 3, '1', '2025-07-26 14:17:49'),
(499, 6, '2025-08-12 07:00:00', '2025-08-12 08:00:00', 12, 1, 3, '1', '2025-07-26 14:17:49'),
(500, 6, '2025-08-14 07:00:00', '2025-08-14 08:00:00', 12, 0, 3, '1', '2025-07-26 14:17:49'),
(501, 6, '2025-08-19 07:00:00', '2025-08-19 08:00:00', 12, 0, 3, '1', '2025-07-26 14:17:49'),
(502, 6, '2025-08-21 07:00:00', '2025-08-21 08:00:00', 12, 0, 3, '1', '2025-07-26 14:17:49'),
(503, 6, '2025-08-26 07:00:00', '2025-08-26 08:00:00', 12, 0, 3, '1', '2025-07-26 14:17:49'),
(504, 6, '2025-08-28 07:00:00', '2025-08-28 08:00:00', 12, 0, 3, '1', '2025-07-26 14:17:49'),
(505, 6, '2025-08-05 19:10:00', '2025-08-05 20:00:00', 12, 7, 3, '1', '2025-07-26 14:18:17'),
(506, 6, '2025-08-07 19:10:00', '2025-08-07 20:00:00', 12, 2, 3, '1', '2025-07-26 14:18:17'),
(507, 6, '2025-08-12 19:10:00', '2025-08-12 20:00:00', 12, 1, 3, '1', '2025-07-26 14:18:17'),
(508, 6, '2025-08-14 19:10:00', '2025-08-14 20:00:00', 12, 0, 3, '1', '2025-07-26 14:18:17'),
(509, 6, '2025-08-19 19:10:00', '2025-08-19 20:00:00', 12, 0, 3, '1', '2025-07-26 14:18:17'),
(510, 6, '2025-08-21 19:10:00', '2025-08-21 20:00:00', 12, 0, 3, '1', '2025-07-26 14:18:17'),
(511, 6, '2025-08-26 19:10:00', '2025-08-26 20:00:00', 12, 0, 3, '1', '2025-07-26 14:18:17'),
(512, 6, '2025-08-28 19:10:00', '2025-08-28 20:00:00', 12, 0, 3, '1', '2025-07-26 14:18:17'),
(513, 6, '2025-08-05 20:10:00', '2025-08-05 21:00:00', 12, 5, 2, '1', '2025-07-26 14:18:33'),
(514, 6, '2025-08-12 20:10:00', '2025-08-12 21:00:00', 12, 1, 2, '1', '2025-07-26 14:18:33'),
(515, 6, '2025-08-19 20:10:00', '2025-08-19 21:00:00', 12, 0, 2, '1', '2025-07-26 14:18:33'),
(516, 6, '2025-08-26 20:10:00', '2025-08-26 21:00:00', 12, 0, 2, '1', '2025-07-26 14:18:33'),
(531, 3, '2025-08-06 18:30:00', '2025-08-06 19:30:00', 12, 8, 1, '1', '2025-07-26 14:25:06'),
(532, 3, '2025-08-13 18:30:00', '2025-08-13 19:30:00', 12, 2, 1, '1', '2025-07-26 14:25:06'),
(533, 3, '2025-08-20 18:30:00', '2025-08-20 19:30:00', 12, 0, 1, '1', '2025-07-26 14:25:06'),
(534, 3, '2025-08-27 18:30:00', '2025-08-27 19:30:00', 12, 0, 1, '1', '2025-07-26 14:25:06'),
(538, 2, '2025-08-27 19:30:00', '2025-08-27 20:30:00', 12, 0, 1, '1', '2025-07-26 14:30:58'),
(539, 22, '2025-08-06 07:00:00', '2025-08-06 08:00:00', 12, 3, 1, '1', '2025-07-26 14:31:22'),
(540, 22, '2025-08-13 07:00:00', '2025-08-13 08:00:00', 12, 0, 1, '1', '2025-07-26 14:31:22'),
(541, 22, '2025-08-20 07:00:00', '2025-08-20 08:00:00', 12, 0, 1, '1', '2025-07-26 14:31:22'),
(542, 22, '2025-08-27 07:00:00', '2025-08-27 08:00:00', 12, 0, 1, '1', '2025-07-26 14:31:22'),
(543, 22, '2025-08-06 08:15:00', '2025-08-06 09:10:00', 12, 0, 1, '1', '2025-07-26 14:31:41'),
(544, 22, '2025-08-13 08:15:00', '2025-08-13 09:10:00', 12, 0, 1, '1', '2025-07-26 14:31:41'),
(545, 22, '2025-08-20 08:15:00', '2025-08-20 09:10:00', 12, 0, 1, '1', '2025-07-26 14:31:41'),
(546, 22, '2025-08-27 08:15:00', '2025-08-27 09:10:00', 12, 0, 1, '1', '2025-07-26 14:31:41'),
(547, 8, '2025-08-07 08:15:00', '2025-08-07 09:10:00', 12, 0, 5, '1', '2025-07-26 14:32:31'),
(548, 8, '2025-08-14 08:15:00', '2025-08-14 09:10:00', 12, 0, 5, '1', '2025-07-26 14:32:31'),
(549, 8, '2025-08-21 08:15:00', '2025-08-21 09:10:00', 12, 0, 5, '1', '2025-07-26 14:32:31'),
(550, 8, '2025-08-28 08:15:00', '2025-08-28 09:10:00', 12, 0, 5, '1', '2025-07-26 14:32:31'),
(551, 20, '2025-08-08 18:30:00', '2025-08-08 19:30:00', 12, 3, 5, '1', '2025-07-26 14:33:28'),
(555, 8, '2025-08-05 08:15:00', '2025-08-05 09:10:00', 12, 0, 5, '1', '2025-07-26 14:34:06'),
(556, 8, '2025-08-12 08:15:00', '2025-08-12 09:10:00', 12, 0, 5, '1', '2025-07-26 14:34:06'),
(557, 8, '2025-08-19 08:15:00', '2025-08-19 09:10:00', 12, 0, 5, '1', '2025-07-26 14:34:06'),
(558, 8, '2025-08-26 08:15:00', '2025-08-26 09:10:00', 12, 0, 5, '1', '2025-07-26 14:34:06'),
(560, 8, '2025-07-29 08:15:00', '2025-07-29 09:15:00', 12, 3, 5, '1', '2025-07-28 14:20:18'),
(580, 5, '2025-08-01 07:00:00', '2025-08-01 08:15:00', 12, 6, 1, '1', '2025-07-28 16:43:56'),
(585, 5, '2025-08-01 08:15:00', '2025-08-01 09:10:00', 12, 2, 1, '1', '2025-07-28 16:44:39'),
(590, 10, '2025-08-01 09:30:00', '2025-08-01 10:30:00', 14, 0, 2, '1', '2025-07-28 16:45:19'),
(594, 10, '2025-08-29 09:30:00', '2025-08-29 10:30:00', 14, 0, 2, '1', '2025-07-28 16:45:19'),
(595, 20, '2025-08-01 18:30:00', '2025-08-01 19:30:00', 12, 4, 5, '1', '2025-07-28 16:46:01'),
(600, 3, '2025-08-02 07:30:00', '2025-08-02 08:30:00', 12, 12, 1, '1', '2025-07-28 16:48:34'),
(605, 3, '2025-08-02 08:40:00', '2025-08-02 09:40:00', 12, 9, 1, '1', '2025-07-28 16:48:59'),
(614, 3, '2025-08-03 08:30:00', '2025-08-03 09:30:00', 12, 12, 1, '1', '2025-07-28 16:49:50'),
(622, 6, '2025-08-07 18:10:00', '2025-08-07 19:00:00', 12, 4, 3, '1', '2025-07-31 00:45:07'),
(624, 6, '2025-08-14 18:10:00', '2025-08-14 19:00:00', 12, 1, 3, '1', '2025-07-31 00:45:07'),
(626, 6, '2025-08-21 18:10:00', '2025-08-21 19:00:00', 12, 0, 3, '1', '2025-07-31 00:45:07'),
(628, 6, '2025-08-28 18:10:00', '2025-08-28 19:00:00', 12, 0, 3, '1', '2025-07-31 00:45:07'),
(630, 18, '2025-08-16 07:30:00', '2025-08-16 08:30:00', 12, 0, 1, '1', '2025-07-31 00:50:25'),
(633, 18, '2025-08-09 07:30:00', '2025-08-09 08:30:00', 12, 2, 1, '1', '2025-07-31 00:51:05'),
(637, 18, '2025-08-09 08:40:00', '2025-08-09 09:40:00', 12, 3, 1, '1', '2025-07-31 00:52:13'),
(638, 18, '2025-08-16 08:40:00', '2025-08-16 09:40:00', 12, 0, 1, '1', '2025-07-31 00:52:13'),
(641, 3, '2025-08-23 08:40:00', '2025-08-23 09:40:00', 12, 0, 1, '1', '2025-07-31 00:53:02'),
(643, 3, '2025-08-23 07:30:00', '2025-08-23 08:30:00', 12, 0, 1, '1', '2025-07-31 00:53:30'),
(645, 3, '2025-08-24 08:30:00', '2025-08-24 09:30:00', 12, 0, 1, '1', '2025-07-31 00:54:27'),
(647, 21, '2025-08-10 08:30:00', '2025-08-10 09:30:00', 12, 3, 1, '1', '2025-07-31 00:55:11'),
(651, 21, '2025-08-04 19:10:00', '2025-08-04 20:00:00', 12, 8, 1, '1', '2025-07-31 22:43:19'),
(654, 21, '2025-08-25 19:10:00', '2025-08-25 20:00:00', 12, 0, 1, '1', '2025-07-31 22:43:19'),
(655, 20, '2025-08-17 08:30:00', '2025-08-17 09:30:00', 12, 1, 5, '1', '2025-08-02 13:40:58'),
(657, 20, '2025-08-31 08:30:00', '2025-08-31 09:30:00', 12, 0, 5, '1', '2025-08-02 13:40:58'),
(661, 3, '2025-08-30 09:40:00', '2025-08-30 10:40:00', 12, 0, 1, '1', '2025-08-02 16:38:57'),
(667, 3, '2025-08-06 19:40:00', '2025-08-06 20:40:00', 12, 5, 1, '1', '2025-08-04 15:39:04'),
(668, 3, '2025-08-13 19:40:00', '2025-08-13 20:40:00', 12, 0, 1, '1', '2025-08-04 15:39:04'),
(669, 3, '2025-08-20 19:40:00', '2025-08-20 20:40:00', 12, 0, 1, '1', '2025-08-04 15:39:04'),
(670, 3, '2025-08-27 19:40:00', '2025-08-27 20:40:00', 12, 0, 1, '1', '2025-08-04 15:39:04');

-- --------------------------------------------------------

--
-- Estructura de tabla para la tabla `coaches`
--

CREATE TABLE `coaches` (
  `id` int(11) NOT NULL,
  `nombre_coach` varchar(255) NOT NULL,
  `descripcion_coach` text NOT NULL,
  `id_disciplina` int(11) DEFAULT NULL,
  `activo` int(11) NOT NULL,
  `fecha` datetime NOT NULL DEFAULT current_timestamp()
) ENGINE=InnoDB DEFAULT CHARSET=utf8mb4 COLLATE=utf8mb4_general_ci;

--
-- Volcado de datos para la tabla `coaches`
--

INSERT INTO `coaches` (`id`, `nombre_coach`, `descripcion_coach`, `id_disciplina`, `activo`, `fecha`) VALUES
(2, 'Katya', 'Hola! Soy Katya, tu coach de Barre! \nMi misión es ayudar a que más personas se reconcilien con su cuerpo, encontrando el bienestar sin reglas o restricciones. Para mi es importante crear clases donde el movimiento sea una experiencia divertida para todas las personas.', 1, 0, '2025-04-25 10:29:49'),
(3, 'Gali', 'Hola! Soy Gali, tu coach de Barre! \nMi misión es que cada clase te acerque más a tu mejor versión con alegría, amor propio y constancia. Me encanta ver a mis alumnas divertirse y disfrutar de cada momento para descubrir de lo que son capaces. Para mí el progreso no solo se mide en fuerza, sino en confianza.', 1, 1, '2025-04-25 10:29:49'),
(4, 'Regina', 'Hola!! Soy Regina, tu maestra de Vinyasa Yoga! \nVeo la unión entre mente y cuerpo como un todo. Me gusta crear a través de la meditación y el movimiento un espacio dónde se pueda conectar con el interior liberando las emociones y alineando la energía vital. ', 2, 1, '2025-04-25 10:29:49'),
(5, 'DanyFer', 'Hola! Soy DanyFer, tu coach de Barre!\nEn mis clases busco crear un espacio donde la mente y el cuerpo se alinean, donde puedas soltar barreras limitantes que te permitan fortalecer no solo tu cuerpo, sino también tu confianza y tus conexiones internas.', 1, 0, '2025-04-25 10:29:49'),
(6, 'Connie', 'Hola! Soy Connie, tu coach de Pilates!\nCreo firmemente que la práctica puede llevarte a lugares mágicos. Me gusta empoderar a las personas desde mi experiencia para que vivan con salud, sabiduría y amor.', 3, 0, '2025-04-25 10:29:49'),
(8, 'Beto', 'Hola! Soy Beto, tu coach de Sculpt!\nEn mi clases crearemos resistencia, aumentarás tu fuerza y tonificarás tu cuerpo, te esperan ejercicios funcionales con una fusión de pilates-barre y música de todo tipo que hará de tu experiencia un rato agradable.', 5, 1, '2025-04-25 10:29:49'),
(10, 'María', 'Hola! Soy María, tu maestra de Ashtanga y Rocket Yoga! \nLas clases que imparto cuentan con un enfoque de movimiento consciente, creando espacios donde las mujeres puedan reconectar con su cuerpo para llegar a un equilibrio físico, mental y espiritual.', 2, 1, '2025-04-26 13:50:08'),
(13, 'Regina', '¡Hola! Soy Regina, tu coach de Ballet Infantil.\r\nEn mis clases, me enfoco en crear un ambiente lleno de diversión y creatividad, donde las infancias puedan explorar el movimiento a través de la danza. Cultivando técnica, confianza y expresión personal. Mi objetivo es que cada clase sea un espacio seguro y alegre, donde la técnica se vaya incorporando de forma suave y natural, despertando el amor por el movimiento y el arte.\r\n', 4, 1, '2025-04-29 23:53:06'),
(17, 'Ananda', '', 1, 1, '2025-06-07 14:04:19'),
(18, 'Mariana', '', 1, 1, '2025-06-07 14:51:49'),
(20, 'Artemio', '', 5, 1, '2025-07-09 00:32:11'),
(21, 'Valeria', '', 1, 1, '2025-07-09 02:29:28'),
(22, 'Zoe', '', 1, 1, '2025-07-23 14:22:22');

-- --------------------------------------------------------

--
-- Estructura de tabla para la tabla `creditos_vencidos`
--

CREATE TABLE `creditos_vencidos` (
  `id` int(11) NOT NULL,
  `user_id` int(11) NOT NULL,
  `creditos_vencidos` varchar(200) DEFAULT NULL,
  `fecha_vencimiento` datetime NOT NULL,
  `fecha_procesado` datetime NOT NULL DEFAULT current_timestamp()
) ENGINE=InnoDB DEFAULT CHARSET=utf8mb4 COLLATE=utf8mb4_unicode_ci;

--
-- Volcado de datos para la tabla `creditos_vencidos`
--

INSERT INTO `creditos_vencidos` (`id`, `user_id`, `creditos_vencidos`, `fecha_vencimiento`, `fecha_procesado`) VALUES
(1, 63, '0', '2025-07-18 00:00:00', '2025-07-23 17:15:09'),
(2, 78, '3', '2025-07-21 00:00:00', '2025-07-23 17:15:09'),
(3, 82, '0', '2025-07-18 00:00:00', '2025-07-23 17:15:09'),
(4, 88, '0', '2025-07-21 00:00:00', '2025-07-23 17:15:09'),
(5, 110, '0', '2025-07-22 00:00:00', '2025-07-23 17:15:09'),
(6, 161, '0', '2025-07-16 00:00:00', '2025-07-23 17:15:09'),
(7, 162, '0', '2025-07-16 00:00:00', '2025-07-23 17:15:09'),
(8, 164, '0', '2025-07-18 00:00:00', '2025-07-23 17:15:09'),
(9, 170, '0', '2025-07-20 00:00:00', '2025-07-23 17:15:09'),
(10, 36, '0', '2025-07-07 00:00:00', '2025-07-23 17:25:31'),
(11, 46, '2', '2025-07-16 00:00:00', '2025-07-23 17:25:31'),
(12, 51, '9', '2025-07-17 00:00:00', '2025-07-23 17:25:31'),
(13, 54, '0', '2025-07-07 00:00:00', '2025-07-23 17:25:31'),
(14, 62, '5', '2025-07-04 00:00:00', '2025-07-23 17:25:31'),
(15, 68, '1', '2025-07-08 00:00:00', '2025-07-23 17:25:31'),
(16, 72, '0', '2025-06-23 00:00:00', '2025-07-23 17:25:31'),
(17, 74, '0', '2025-06-28 00:00:00', '2025-07-23 17:25:31'),
(18, 87, '2', '2025-07-01 00:00:00', '2025-07-23 17:25:31'),
(19, 94, '0', '2025-07-10 00:00:00', '2025-07-23 17:25:31'),
(20, 104, '4', '2025-07-16 00:00:00', '2025-07-23 17:25:31'),
(21, 105, '95', '2025-06-24 00:00:00', '2025-07-23 17:25:31'),
(22, 112, '2', '2025-07-09 00:00:00', '2025-07-23 17:25:31'),
(23, 40, '3', '2025-07-24 00:00:00', '2025-07-24 22:00:03'),
(24, 101, '9977', '2025-07-24 00:00:00', '2025-07-24 22:00:03'),
(25, 175, '0', '2025-07-24 00:00:00', '2025-07-24 22:00:03'),
(26, 56, '0', '2025-07-25 00:00:00', '2025-07-25 22:00:03'),
(27, 109, '0', '2025-07-25 00:00:00', '2025-07-25 22:00:03'),
(28, 167, '0', '2025-07-25 00:00:00', '2025-07-25 22:00:03'),
(29, 179, '1', '2025-07-25 00:00:00', '2025-07-25 22:00:03'),
(30, 26, '0', '2025-07-26 00:00:00', '2025-07-26 22:00:03'),
(31, 180, '0', '2025-07-26 00:00:00', '2025-07-26 22:00:03'),
(32, 181, '0', '2025-07-26 00:00:00', '2025-07-26 22:00:03'),
(33, 178, '0', '2025-07-27 00:00:00', '2025-07-27 22:00:03'),
(34, 183, '0', '2025-07-27 00:00:00', '2025-07-27 22:00:03'),
(35, 79, '8', '2025-07-29 00:00:00', '2025-07-29 22:00:03'),
(36, 64, '9978', '2025-07-30 00:00:00', '2025-07-30 22:00:03'),
(37, 90, '0', '2025-07-30 00:00:00', '2025-07-30 22:00:03'),
(38, 127, '0', '2025-07-30 00:00:00', '2025-07-30 22:00:03'),
(39, 23, '0', '2025-07-31 00:00:00', '2025-07-31 22:00:03'),
(40, 128, '0', '2025-07-30 00:00:00', '2025-07-31 22:00:03'),
(41, 130, '0', '2025-07-31 00:00:00', '2025-07-31 22:00:03'),
(42, 135, '3', '2025-07-31 00:00:00', '2025-07-31 22:00:03'),
(43, 37, '0', '2025-08-01 00:00:00', '2025-08-01 22:00:04'),
(44, 60, '9975', '2025-08-01 00:00:00', '2025-08-01 22:00:04'),
(45, 131, '6', '2025-08-01 00:00:00', '2025-08-01 22:00:04'),
(46, 132, '9992', '2025-08-01 00:00:00', '2025-08-01 22:00:04'),
(47, 139, '2', '2025-08-01 00:00:00', '2025-08-01 22:00:04'),
(48, 123, '0', '2025-08-01 00:00:00', '2025-08-02 22:00:03'),
(49, 48, '9978', '2025-08-03 00:00:00', '2025-08-03 22:00:03'),
(50, 143, '2', '2025-08-03 00:00:00', '2025-08-03 22:00:03'),
(51, 145, '11', '2025-08-03 00:00:00', '2025-08-03 22:00:03'),
(52, 147, '9978', '2025-08-03 00:00:00', '2025-08-03 22:00:03'),
(53, 156, '0', '2025-08-03 00:00:00', '2025-08-03 22:00:03');

-- --------------------------------------------------------

--
-- Estructura de tabla para la tabla `disciplinas`
--

CREATE TABLE `disciplinas` (
  `id` int(11) NOT NULL,
  `nombre_disciplina` varchar(255) NOT NULL,
  `descripcion_disciplina` text NOT NULL,
  `subdescripcion_texto1` varchar(20) DEFAULT NULL,
  `subdescripcion_texto2` varchar(20) DEFAULT NULL,
  `subdescripcion_texto3` varchar(20) DEFAULT NULL,
  `id_coach` int(11) NOT NULL,
  `activo` int(11) NOT NULL,
  `fecha` datetime NOT NULL DEFAULT current_timestamp()
) ENGINE=InnoDB DEFAULT CHARSET=utf8mb4 COLLATE=utf8mb4_general_ci;

--
-- Volcado de datos para la tabla `disciplinas`
--

INSERT INTO `disciplinas` (`id`, `nombre_disciplina`, `descripcion_disciplina`, `subdescripcion_texto1`, `subdescripcion_texto2`, `subdescripcion_texto3`, `id_coach`, `activo`, `fecha`) VALUES
(1, 'BARRE', 'La esencia del Barre nace a partir de la combinación entre Ballet y Pilates. Se trata de trabajar el cuerpo a través de movimientos pequeños, controlados y de alta repetición, con el objetivo de fortalecer, alargar y tonificar los músculos, mejorar la postura y aumentar la flexibilidad. Esta disciplina trabaja patrones de movimiento que usamos en la vida diaria, buscando mejorar la movilidad, equilibrio, estabilidad, fuerza muscular y control corporal.', 'Movilidad', 'Equilibrio', 'Control', 4, 1, '2025-04-25 10:29:11'),
(2, 'YOGA', 'El Yoga es una práctica ancestral que busca la unión entre cuerpo, mente y respiración a través del movimiento consciente. Es el arte de regresar al cuerpo y habitarlo con conciencia, de observar la mente sin juicio y de respirar con intención. Más que una disciplina física, el Yoga es una invitación a escucharte, a reconocer tus límites y a sostenerte con compasión en cada movimiento. \nA través de estilos como Ashtanga, Vinyasa y Rocket, cultivamos fuerza, flexibilidad y claridad, pero también cultivamos determinación y apertura.', 'Fluidez', 'Respiración', 'Balance', 1, 1, '2025-04-25 10:29:11'),
(3, 'PILATES', 'El enfoque principal está en fortalecer el core (zona abdominal, lumbar, pelvis y glúteos), mejorar la postura, aumentar la flexibilidad y promover una conexión mente-cuerpo. Cada ejercicio se ejecuta con precisión, fluidez y control, acompañado de una respiración consciente que potencia los resultados y calma el sistema nervioso. Se realiza únicamente con el peso del cuerpo y sobre un mat o colchoneta, sin necesidad de aparatos complejos.', 'Fuerza', 'Fluidez', 'Control', 8, 1, '2025-04-25 10:29:11'),
(4, 'BALLET', 'El Ballet Infantil es una disciplina que cultiva el cuerpo y la mente desde la base: postura, alineación, coordinación, musicalidad y conciencia corporal, es un espacio para descubrir la alegría de moverse, imaginar y crear. A través de ejercicios diseñados para su etapa de desarrollo, aprenden las posiciones básicas, exploran el ritmo, y fortalecen su equilibrio y concentración. Todo se trabaja con un enfoque lúdico y respetuoso, donde el juego convive con la estructura, y donde la técnica se va sembrando con suavidad y constancia.', 'Coordinación', 'Movimiento', 'Disciplina', 9, 1, '2025-04-25 10:29:11'),
(5, 'SCULPT', 'Sculpt es una disciplina de entrenamiento funcional que combina movimientos de fuerza, control y resistencia para moldear, definir y fortalecer el cuerpo de forma integral. Su enfoque está en trabajar con peso corporal, mancuernas ligeras, ligas de resistencia y otros elementos como pelotas o bloques, para alcanzar un entrenamiento consciente, seguro y efectivo.', 'Tonificación', 'Fuerza', 'Consciente', 7, 0, '2025-04-25 10:29:11');

-- --------------------------------------------------------

--
-- Estructura de tabla para la tabla `egr`
--

CREATE TABLE `egr` (
  `id` int(11) NOT NULL,
  `fecha` varchar(220) NOT NULL,
  `concepto` varchar(220) NOT NULL,
  `tipo` varchar(220) NOT NULL,
  `monto` varchar(220) NOT NULL,
  `fechaRegistro` timestamp NOT NULL DEFAULT current_timestamp()
) ENGINE=InnoDB DEFAULT CHARSET=utf8mb4 COLLATE=utf8mb4_general_ci;

-- --------------------------------------------------------

--
-- Estructura de tabla para la tabla `paquetes`
--

CREATE TABLE `paquetes` (
  `id` int(11) NOT NULL,
  `clases` varchar(255) DEFAULT NULL,
  `costo` varchar(255) DEFAULT NULL,
  `nombre` varchar(255) DEFAULT NULL,
  `vigencia` varchar(100) DEFAULT NULL,
  `invitados` varchar(255) DEFAULT NULL,
  `persona` varchar(2) DEFAULT NULL,
  `descuento` varchar(200) DEFAULT NULL,
  `finalizadsc` varchar(200) DEFAULT NULL,
  `fecha` datetime DEFAULT current_timestamp()
) ENGINE=InnoDB DEFAULT CHARSET=utf8mb4 COLLATE=utf8mb4_general_ci;

--
-- Volcado de datos para la tabla `paquetes`
--

INSERT INTO `paquetes` (`id`, `clases`, `costo`, `nombre`, `vigencia`, `invitados`, `persona`, `descuento`, `finalizadsc`, `fecha`) VALUES
(1, '1', '150.00', 'BEGIN CLASS', '7', '0', '1', NULL, NULL, '2025-04-30 00:35:40'),
(2, '1', '170.00', 'SINGLE CLASS', '7', '0', '1', NULL, NULL, '2025-04-30 00:41:45'),
(3, '4', '650.00', 'FLOW', '30', '0', '1', NULL, NULL, '2025-04-30 00:41:45'),
(4, '8', '1250.00', 'BALANCE', '30', '0', '1', NULL, NULL, '2025-04-30 00:42:58'),
(5, '12', '1699.00', 'ELEVATE', '30', '0', '1', NULL, NULL, '2025-04-30 00:42:58'),
(6, '16', '1899.00', 'EMPOWER', '30', '0', '1', NULL, NULL, '2025-04-30 00:45:04'),
(8, '20', '2800.00', 'SOUL', '30', '3', '4', NULL, NULL, '2025-04-30 00:46:53'),
(9, 'ILIMITADO', '2199.00', 'UNLIMITED', '30', '0', '1', NULL, NULL, '2025-04-30 00:46:53'),
(10, 'ILIMITADO', '5100.00', 'PRESENCE+', '90', '0', '1', NULL, NULL, '2025-04-30 00:48:23');

-- --------------------------------------------------------

--
-- Estructura de tabla para la tabla `reservaciones`
--

CREATE TABLE `reservaciones` (
  `id` int(11) NOT NULL,
  `clase` varchar(255) DEFAULT NULL,
  `idClase` varchar(255) DEFAULT NULL,
  `alumno` varchar(255) DEFAULT NULL,
  `dura` varchar(255) DEFAULT NULL,
  `instructor` varchar(255) DEFAULT NULL,
  `idInstructor` varchar(2) DEFAULT NULL,
  `invitado` varchar(255) DEFAULT '0',
  `activo` varchar(255) DEFAULT NULL,
  `asiste` varchar(20) DEFAULT NULL,
  `inicio` datetime DEFAULT NULL,
  `fin` datetime DEFAULT NULL,
  `fechaReserva` varchar(200) DEFAULT NULL
) ENGINE=InnoDB DEFAULT CHARSET=utf8mb4 COLLATE=utf8mb4_general_ci;

--
-- Volcado de datos para la tabla `reservaciones`
--

INSERT INTO `reservaciones` (`id`, `clase`, `idClase`, `alumno`, `dura`, `instructor`, `idInstructor`, `invitado`, `activo`, `asiste`, `inicio`, `fin`, `fechaReserva`) VALUES
(6, 'BARRE', '28', '12', '60 min', 'DanyFer', '5', '0', '1', NULL, '2025-05-26 18:00:00', '2025-05-26 19:00:00', '1748269612'),
(8, 'PILATES', '33', '12', '50 min', 'Connie', '6', '1', '1', NULL, '2025-05-27 18:10:00', '2025-05-27 19:00:00', '1748351705'),
(10, 'PILATES', '33', '13', '50 min', 'Connie', '6', '0', '1', '1', '2025-05-27 18:10:00', '2025-05-27 19:00:00', '1748362985'),
(21, 'PILATES', '43', '2', '50 min', 'Connie', '6', '0', '1', NULL, '2025-05-29 18:10:00', '2025-05-29 19:00:00', '1748559186'),
(23, 'PILATES', '33', '2', '50 min', 'Connie', '6', '0', '1', NULL, '2025-05-27 18:10:00', '2025-05-27 19:00:00', '1748559690'),
(24, 'BARRE', '49', '12', '60 min', 'Mariana', '15', '0', '1', NULL, '2025-05-31 08:30:00', '2025-05-31 09:30:00', '1748659204'),
(29, 'BARRE', '129', '24', '45 min', 'Katya', '2', '0', '1', NULL, '2025-06-13 08:15:00', '2025-06-13 09:00:00', '1749769001'),
(30, 'BARRE', '68', '25', '60 min', 'Katya', '2', '0', '1', NULL, '2025-06-16 07:00:00', '2025-06-16 08:00:00', '1749848641'),
(32, 'BARRE', '69', '25', '60 min', 'Katya', '2', '0', '1', NULL, '2025-06-23 07:00:00', '2025-06-23 08:00:00', '1749848755'),
(33, 'BARRE', '127', '25', '60 min', 'Katya', '2', '0', '1', NULL, '2025-06-27 07:00:00', '2025-06-27 08:00:00', '1749848778'),
(34, 'YOGA', '202', '25', '50 min', 'Connie', '6', '0', '1', NULL, '2025-06-17 20:10:00', '2025-06-17 21:00:00', '1749907481'),
(37, 'BARRE', '114', '27', '55 min', 'DanyFer', '5', '0', '1', NULL, '2025-06-18 08:15:00', '2025-06-18 09:10:00', '1749921056'),
(38, 'BARRE', '206', '27', '60 min', 'DanyFer', '5', '0', '1', NULL, '2025-06-16 18:00:00', '2025-06-16 19:00:00', '1750004486'),
(39, 'SCULPT', '89', '27', '55 min', 'Beto', '8', '0', '1', NULL, '2025-06-19 08:15:00', '2025-06-19 09:10:00', '1750004513'),
(40, 'BARRE', '211', '8', '50 min', 'DanyFer', '5', '0', '1', NULL, '2025-06-16 19:10:00', '2025-06-16 20:00:00', '1750092141'),
(41, 'BARRE', '211', '4', '50 min', 'DanyFer', '5', '0', '1', NULL, '2025-06-16 19:10:00', '2025-06-16 20:00:00', '1750092209'),
(42, 'BARRE', '211', '2', '50 min', 'DanyFer', '5', '0', '1', NULL, '2025-06-16 19:10:00', '2025-06-16 20:00:00', '1750092226'),
(43, 'BARRE', '211', '17', '50 min', 'DanyFer', '5', '0', '1', NULL, '2025-06-16 19:10:00', '2025-06-16 20:00:00', '1750092256'),
(44, 'BARRE', '211', '9', '50 min', 'DanyFer', '5', '0', '1', NULL, '2025-06-16 19:10:00', '2025-06-16 20:00:00', '1750092284'),
(45, 'BARRE', '206', '12', '60 min', 'DanyFer', '5', '0', '1', NULL, '2025-06-16 18:00:00', '2025-06-16 19:00:00', '1750094214'),
(46, 'PILATES', '104', '30', '50 min', 'Connie', '6', '0', '1', NULL, '2025-06-17 19:10:00', '2025-06-17 20:00:00', '1750095911'),
(47, 'YOGA', '202', '30', '50 min', 'Connie', '6', '0', '1', NULL, '2025-06-17 20:10:00', '2025-06-17 21:00:00', '1750095929'),
(48, 'BARRE', '118', '30', '60 min', 'Gali', '3', '0', '1', NULL, '2025-06-18 18:30:00', '2025-06-18 19:30:00', '1750095955'),
(49, 'PILATES', '97', '30', '50 min', 'Connie', '6', '0', '1', NULL, '2025-06-19 18:10:00', '2025-06-19 19:00:00', '1750095969'),
(50, 'BARRE', '174', '30', '50 min', 'Gali', '3', '0', '1', NULL, '2025-06-21 09:40:00', '2025-06-21 10:30:00', '1750095990'),
(51, 'BARRE', '198', '30', '60 min', 'Ananda', '17', '0', '1', NULL, '2025-06-22 09:30:00', '2025-06-22 10:30:00', '1750096008'),
(52, 'BARRE', '130', '27', '45 min', 'Katya', '2', '0', '1', NULL, '2025-06-20 08:15:00', '2025-06-20 09:00:00', '1750101724'),
(53, 'BARRE', '122', '34', '60 min', 'Gali', '3', '0', '1', NULL, '2025-06-18 19:30:00', '2025-06-18 20:30:00', '1750117052'),
(56, 'PILATES', '80', '37', '60 min', 'Connie', '6', '0', '1', NULL, '2025-06-17 07:00:00', '2025-06-17 08:00:00', '1750124295'),
(57, 'PILATES', '81', '37', '60 min', 'Connie', '6', '0', '1', NULL, '2025-06-19 07:00:00', '2025-06-19 08:00:00', '1750124320'),
(59, 'BARRE', '118', '28', '60 min', 'Gali', '3', '0', '1', NULL, '2025-06-18 18:30:00', '2025-06-18 19:30:00', '1750129871'),
(60, 'BARRE', '118', '8', '60 min', 'Gali', '3', '0', '1', NULL, '2025-06-18 18:30:00', '2025-06-18 19:30:00', '1750129893'),
(62, 'BARRE', '122', '42', '60 min', 'Gali', '3', '0', '1', NULL, '2025-06-18 19:30:00', '2025-06-18 20:30:00', '1750130821'),
(63, 'BARRE', '122', '43', '60 min', 'Gali', '3', '0', '1', NULL, '2025-06-18 19:30:00', '2025-06-18 20:30:00', '1750131593'),
(64, 'PILATES', '79', '44', '60 min', 'Connie', '6', '0', '1', NULL, '2025-06-12 07:00:00', '2025-06-12 08:00:00', '1750166105'),
(65, 'BARRE', '125', '44', '60 min', 'Katya', '2', '0', '1', NULL, '2025-06-13 07:00:00', '2025-06-13 08:00:00', '1750166170'),
(66, 'BARRE', '125', '44', '60 min', 'Katya', '2', '0', '1', NULL, '2025-06-13 07:00:00', '2025-06-13 08:00:00', '1750166185'),
(67, 'BARRE', '125', '44', '60 min', 'Katya', '2', '0', '1', NULL, '2025-06-13 07:00:00', '2025-06-13 08:00:00', '1750166192'),
(68, 'BARRE', '125', '44', '60 min', 'Katya', '2', '0', '1', NULL, '2025-06-13 07:00:00', '2025-06-13 08:00:00', '1750166199'),
(69, 'BARRE', '125', '44', '60 min', 'Katya', '2', '0', '1', NULL, '2025-06-13 07:00:00', '2025-06-13 08:00:00', '1750166203'),
(70, 'BARRE', '125', '44', '60 min', 'Katya', '2', '0', '1', NULL, '2025-06-13 07:00:00', '2025-06-13 08:00:00', '1750166206'),
(71, 'BARRE', '125', '44', '60 min', 'Katya', '2', '0', '1', NULL, '2025-06-13 07:00:00', '2025-06-13 08:00:00', '1750166209'),
(72, 'BARRE', '125', '44', '60 min', 'Katya', '2', '0', '1', NULL, '2025-06-13 07:00:00', '2025-06-13 08:00:00', '1750166213'),
(73, 'BARRE', '125', '44', '60 min', 'Katya', '2', '0', '1', NULL, '2025-06-13 07:00:00', '2025-06-13 08:00:00', '1750166218'),
(74, 'BARRE', '118', '47', '60 min', 'Gali', '3', '0', '1', NULL, '2025-06-18 18:30:00', '2025-06-18 19:30:00', '1750179409'),
(75, 'BARRE', '118', '12', '60 min', 'Gali', '3', '0', '1', NULL, '2025-06-18 18:30:00', '2025-06-18 19:30:00', '1750190014'),
(77, 'PILATES', '104', '48', '50 min', 'Connie', '6', '0', '1', NULL, '2025-06-17 19:10:00', '2025-06-17 20:00:00', '1750198419'),
(78, 'PILATES', '298', '46', '50 min', 'Connie', '6', '0', '1', NULL, '2025-06-17 18:10:00', '2025-06-17 19:00:00', '1750200801'),
(79, 'BARRE', '174', '46', '50 min', 'Gali', '3', '0', '1', NULL, '2025-06-21 09:40:00', '2025-06-21 10:30:00', '1750203110'),
(80, 'BARRE', '114', '49', '55 min', 'DanyFer', '5', '0', '1', NULL, '2025-06-18 08:15:00', '2025-06-18 09:10:00', '1750207232'),
(83, 'SCULPT', '89', '49', '55 min', 'Beto', '8', '0', '1', NULL, '2025-06-19 08:15:00', '2025-06-19 09:10:00', '1750252869'),
(84, 'PILATES', '81', '44', '60 min', 'Connie', '6', '0', '1', NULL, '2025-06-19 07:00:00', '2025-06-19 08:00:00', '1750253029'),
(85, 'BARRE', '122', '40', '60 min', 'Gali', '3', '0', '1', NULL, '2025-06-18 19:30:00', '2025-06-18 20:30:00', '1750257065'),
(87, 'BARRE', '122', '21', '60 min', 'Gali', '3', '0', '1', NULL, '2025-06-18 19:30:00', '2025-06-18 20:30:00', '1750269123'),
(88, 'BARRE', '122', '2', '60 min', 'Gali', '3', '5', '1', NULL, '2025-06-18 19:30:00', '2025-06-18 20:30:00', '1750269135'),
(92, 'BARRE', '118', '51', '60 min', 'Gali', '3', '0', '1', NULL, '2025-06-18 18:30:00', '2025-06-18 19:30:00', '1750269361'),
(93, 'BARRE', '118', '2', '60 min', 'Gali', '3', '5', '1', NULL, '2025-06-18 18:30:00', '2025-06-18 19:30:00', '1750269429'),
(94, 'BARRE', '166', '21', '60 min', 'Gali', '3', '0', '1', NULL, '2025-06-21 07:30:00', '2025-06-21 08:30:00', '1750276550'),
(95, 'BARRE', '193', '25', '60 min', 'Ananda', '17', '0', '1', NULL, '2025-06-22 08:30:00', '2025-06-22 09:30:00', '1750283518'),
(97, 'BARRE', '70', '25', '60 min', 'Katya', '2', '0', '1', NULL, '2025-06-30 07:00:00', '2025-06-30 08:00:00', '1750283591'),
(98, 'YOGA', '326', '25', '50 min', 'Connie', '6', '0', '1', NULL, '2025-07-01 20:10:00', '2025-07-01 21:00:00', '1750283606'),
(99, 'BARRE', '122', '35', '60 min', 'Gali', '3', '0', '1', NULL, '2025-06-18 19:30:00', '2025-06-18 20:30:00', '1750291653'),
(100, 'PILATES', '81', '48', '60 min', 'Connie', '6', '0', '1', NULL, '2025-06-19 07:00:00', '2025-06-19 08:00:00', '1750300714'),
(101, 'BARRE', '212', '61', '50 min', 'DanyFer', '5', '0', '1', NULL, '2025-06-23 19:10:00', '2025-06-23 20:00:00', '1750304603'),
(102, 'BARRE', '123', '61', '60 min', 'Gali', '3', '0', '1', NULL, '2025-06-25 19:30:00', '2025-06-25 20:30:00', '1750304666'),
(104, 'BARRE', '166', '28', '60 min', 'Gali', '3', '0', '1', NULL, '2025-06-21 07:30:00', '2025-06-21 08:30:00', '1750308152'),
(105, 'BARRE', '166', '44', '60 min', 'Gali', '3', '0', '1', NULL, '2025-06-21 07:30:00', '2025-06-21 08:30:00', '1750308166'),
(106, 'BARRE', '166', '8', '60 min', 'Gali', '3', '0', '1', NULL, '2025-06-21 07:30:00', '2025-06-21 08:30:00', '1750308179'),
(107, 'BARRE', '198', '67', '60 min', 'Ananda', '17', '0', '1', NULL, '2025-06-22 09:30:00', '2025-06-22 10:30:00', '1750354785'),
(108, 'BARRE', '193', '68', '60 min', 'Ananda', '17', '0', '1', NULL, '2025-06-22 08:30:00', '2025-06-22 09:30:00', '1750363689'),
(109, 'BARRE', '193', '8', '60 min', 'Ananda', '17', '1', '1', NULL, '2025-06-22 08:30:00', '2025-06-22 09:30:00', '1750369686'),
(112, 'PILATES', '105', '18', '50 min', 'Connie', '6', '0', '1', NULL, '2025-06-19 19:10:00', '2025-06-19 20:00:00', '1750373381'),
(113, 'BARRE', '130', '60', '45 min', 'Katya', '2', '0', '1', NULL, '2025-06-20 08:15:00', '2025-06-20 09:00:00', '1750373857'),
(114, 'BARRE', '126', '44', '60 min', 'Katya', '2', '0', '1', NULL, '2025-06-20 07:00:00', '2025-06-20 08:00:00', '1750375686'),
(115, 'BARRE', '130', '70', '45 min', 'Katya', '2', '0', '1', NULL, '2025-06-20 08:15:00', '2025-06-20 09:00:00', '1750377423'),
(116, 'PILATES', '105', '23', '50 min', 'Connie', '6', '0', '1', NULL, '2025-06-19 19:10:00', '2025-06-19 20:00:00', '1750378742'),
(117, 'BARRE', '166', '25', '60 min', 'Gali', '3', '0', '1', NULL, '2025-06-21 07:30:00', '2025-06-21 08:30:00', '1750381515'),
(118, 'BARRE', '130', '74', '45 min', 'Katya', '2', '0', '1', NULL, '2025-06-20 08:15:00', '2025-06-20 09:00:00', '1750383808'),
(119, 'BARRE', '166', '76', '60 min', 'Gali', '3', '0', '1', NULL, '2025-06-21 07:30:00', '2025-06-21 08:30:00', '1750385460'),
(120, 'BARRE', '126', '62', '60 min', 'Katya', '2', '0', '1', NULL, '2025-06-20 07:00:00', '2025-06-20 08:00:00', '1750386169'),
(121, 'BARRE', '174', '40', '50 min', 'Gali', '3', '0', '1', NULL, '2025-06-21 09:40:00', '2025-06-21 10:30:00', '1750388889'),
(122, 'BARRE', '162', '74', '60 min', 'Gali', '3', '0', '1', NULL, '2025-06-21 08:30:00', '2025-06-21 09:30:00', '1750389783'),
(124, 'BARRE', '162', '2', '60 min', 'Gali', '3', '0', '1', NULL, '2025-06-21 08:30:00', '2025-06-21 09:30:00', '1750424706'),
(125, 'BARRE', '162', '2', '60 min', 'Gali', '3', '0', '1', NULL, '2025-06-21 08:30:00', '2025-06-21 09:30:00', '1750424729'),
(126, 'BARRE', '162', '2', '60 min', 'Gali', '3', '1', '1', NULL, '2025-06-21 08:30:00', '2025-06-21 09:30:00', '1750424741'),
(128, 'BARRE', '162', '35', '60 min', 'Gali', '3', '0', '1', NULL, '2025-06-21 08:30:00', '2025-06-21 09:30:00', '1750424984'),
(129, 'BARRE', '162', '35', '60 min', 'Gali', '3', '0', '1', NULL, '2025-06-21 08:30:00', '2025-06-21 09:30:00', '1750424999'),
(130, 'BARRE', '126', '72', '60 min', 'Katya', '2', '0', '1', NULL, '2025-06-20 07:00:00', '2025-06-20 08:00:00', '1750427861'),
(131, 'BARRE', '130', '24', '45 min', 'Katya', '2', '0', '1', NULL, '2025-06-20 08:15:00', '2025-06-20 09:00:00', '1750428530'),
(132, 'BARRE', '162', '72', '60 min', 'Gali', '3', '0', '1', NULL, '2025-06-21 08:30:00', '2025-06-21 09:30:00', '1750438520'),
(133, 'BARRE', '166', '22', '60 min', 'Gali', '3', '0', '1', NULL, '2025-06-21 07:30:00', '2025-06-21 08:30:00', '1750444120'),
(134, 'BARRE', '193', '22', '60 min', 'Ananda', '17', '0', '1', NULL, '2025-06-22 08:30:00', '2025-06-22 09:30:00', '1750444170'),
(136, 'BARRE', '166', '63', '60 min', 'Gali', '3', '0', '1', NULL, '2025-06-21 07:30:00', '2025-06-21 08:30:00', '1750463421'),
(137, 'BARRE', '166', '82', '60 min', 'Gali', '3', '0', '1', NULL, '2025-06-21 07:30:00', '2025-06-21 08:30:00', '1750463656'),
(138, 'BARRE', '162', '83', '60 min', 'Gali', '3', '0', '1', NULL, '2025-06-21 08:30:00', '2025-06-21 09:30:00', '1750475489'),
(139, 'BARRE', '162', '78', '60 min', 'Gali', '3', '0', '1', NULL, '2025-06-21 08:30:00', '2025-06-21 09:30:00', '1750476510'),
(140, 'BARRE', '166', '2', '60 min', 'Gali', '3', '0', '1', NULL, '2025-06-21 07:30:00', '2025-06-21 08:30:00', '1750478179'),
(141, 'BARRE', '64', '27', '55 min', 'Katya', '2', '0', '1', NULL, '2025-06-23 08:15:00', '2025-06-23 09:10:00', '1750482579'),
(143, 'BARRE', '162', '59', '60 min', 'Gali', '3', '0', '1', NULL, '2025-06-21 08:30:00', '2025-06-21 09:30:00', '1750519168'),
(144, 'BARRE', '212', '59', '50 min', 'DanyFer', '5', '0', '1', NULL, '2025-06-23 19:10:00', '2025-06-23 20:00:00', '1750565535'),
(145, 'BARRE', '119', '59', '60 min', 'Gali', '3', '0', '1', NULL, '2025-06-25 18:30:00', '2025-06-25 19:30:00', '1750565635'),
(146, 'BARRE', '159', '59', '60 min', '-', '15', '0', '1', NULL, '2025-06-28 08:30:00', '2025-06-28 09:30:00', '1750565785'),
(147, 'BARRE', '193', '78', '60 min', 'Ananda', '17', '0', '1', NULL, '2025-06-22 08:30:00', '2025-06-22 09:30:00', '1750568590'),
(148, 'BARRE', '198', '60', '60 min', 'Ananda', '17', '0', '1', NULL, '2025-06-22 09:30:00', '2025-06-22 10:30:00', '1750601985'),
(149, 'BARRE', '69', '87', '60 min', 'Katya', '2', '0', '1', NULL, '2025-06-23 07:00:00', '2025-06-23 08:00:00', '1750617627'),
(150, 'PILATES', '217', '87', '60 min', 'Connie', '6', '0', '1', NULL, '2025-06-24 07:00:00', '2025-06-24 08:00:00', '1750617646'),
(151, 'BARRE', '111', '87', '60 min', 'DanyFer', '5', '0', '1', NULL, '2025-06-25 07:00:00', '2025-06-25 08:00:00', '1750617660'),
(152, 'PILATES', '83', '87', '60 min', 'Connie', '6', '0', '1', NULL, '2025-06-26 07:00:00', '2025-06-26 08:00:00', '1750617677'),
(153, 'BARRE', '69', '44', '60 min', 'Katya', '2', '0', '1', NULL, '2025-06-23 07:00:00', '2025-06-23 08:00:00', '1750617693'),
(154, 'BARRE', '207', '46', '60 min', 'DanyFer', '5', '0', '1', NULL, '2025-06-23 18:00:00', '2025-06-23 19:00:00', '1750618561'),
(155, 'BARRE', '69', '88', '60 min', 'Katya', '2', '0', '1', NULL, '2025-06-23 07:00:00', '2025-06-23 08:00:00', '1750631004'),
(156, 'BARRE', '64', '26', '55 min', 'Katya', '2', '0', '1', NULL, '2025-06-23 08:15:00', '2025-06-23 09:10:00', '1750632503'),
(158, 'BARRE', '207', '2', '60 min', 'DanyFer', '5', '1', '1', NULL, '2025-06-23 18:00:00', '2025-06-23 19:00:00', '1750637349'),
(160, 'BARRE', '69', '62', '60 min', 'Katya', '2', '0', '1', NULL, '2025-06-23 07:00:00', '2025-06-23 08:00:00', '1750653097'),
(161, 'BARRE', '212', '91', '50 min', 'DanyFer', '5', '0', '1', NULL, '2025-06-23 19:10:00', '2025-06-23 20:00:00', '1750687937'),
(162, 'BARRE', '123', '47', '60 min', 'Gali', '3', '0', '1', NULL, '2025-06-25 19:30:00', '2025-06-25 20:30:00', '1750691649'),
(163, 'BARRE', '212', '30', '50 min', 'DanyFer', '5', '0', '1', NULL, '2025-06-23 19:10:00', '2025-06-23 20:00:00', '1750691944'),
(164, 'PILATES', '106', '30', '50 min', 'Connie', '6', '0', '1', NULL, '2025-06-24 19:10:00', '2025-06-24 20:00:00', '1750691969'),
(165, 'YOGA', '203', '30', '50 min', 'Connie', '6', '0', '1', NULL, '2025-06-24 20:10:00', '2025-06-24 21:00:00', '1750691982'),
(166, 'BARRE', '119', '30', '60 min', 'Gali', '3', '0', '1', NULL, '2025-06-25 18:30:00', '2025-06-25 19:30:00', '1750692002'),
(167, 'PILATES', '99', '30', '50 min', 'Connie', '6', '0', '1', NULL, '2025-06-26 18:10:00', '2025-06-26 19:00:00', '1750692022'),
(168, 'BARRE', '155', '30', '50 min', '-', '15', '0', '1', NULL, '2025-06-28 09:40:00', '2025-06-28 10:30:00', '1750692059'),
(169, 'BARRE', '199', '30', '60 min', 'Ananda', '17', '0', '1', NULL, '2025-06-29 09:30:00', '2025-06-29 10:30:00', '1750692078'),
(170, 'BARRE', '212', '40', '50 min', 'DanyFer', '5', '0', '1', NULL, '2025-06-23 19:10:00', '2025-06-23 20:00:00', '1750692323'),
(171, 'BARRE', '212', '92', '50 min', 'DanyFer', '5', '0', '1', NULL, '2025-06-23 19:10:00', '2025-06-23 20:00:00', '1750694176'),
(173, 'SCULPT', '90', '80', '55 min', 'Beto', '8', '0', '1', NULL, '2025-06-24 08:15:00', '2025-06-24 09:10:00', '1750703024'),
(174, 'BARRE', '212', '72', '50 min', 'DanyFer', '5', '0', '1', NULL, '2025-06-23 19:10:00', '2025-06-23 20:00:00', '1750703082'),
(177, 'BARRE', '147', '72', '60 min', '-', '15', '0', '1', NULL, '2025-06-28 07:30:00', '2025-06-28 08:30:00', '1750703193'),
(178, 'BARRE', '212', '94', '50 min', 'DanyFer', '5', '0', '1', NULL, '2025-06-23 19:10:00', '2025-06-23 20:00:00', '1750707430'),
(179, 'BARRE', '207', '22', '60 min', 'DanyFer', '5', '0', '1', NULL, '2025-06-23 18:00:00', '2025-06-23 19:00:00', '1750707610'),
(180, 'BARRE', '207', '95', '60 min', 'DanyFer', '5', '0', '1', NULL, '2025-06-23 18:00:00', '2025-06-23 19:00:00', '1750711765'),
(181, 'PILATES', '106', '36', '50 min', 'Connie', '6', '0', '1', NULL, '2025-06-24 19:10:00', '2025-06-24 20:00:00', '1750713921'),
(183, 'BARRE', '123', '36', '60 min', 'Gali', '3', '0', '1', NULL, '2025-06-25 19:30:00', '2025-06-25 20:30:00', '1750713948'),
(184, 'BARRE', '123', '36', '60 min', 'Gali', '3', '0', '1', NULL, '2025-06-25 19:30:00', '2025-06-25 20:30:00', '1750714025'),
(186, 'BARRE', '257', '25', '60 min', 'Katya', '2', '0', '1', NULL, '2025-07-04 07:00:00', '2025-07-04 08:00:00', '1750716967'),
(187, 'BARRE', '258', '25', '60 min', 'Katya', '2', '0', '1', NULL, '2025-07-07 07:00:00', '2025-07-07 08:00:00', '1750716993'),
(188, 'BARRE', '207', '4', '60 min', 'DanyFer', '5', '0', '1', NULL, '2025-06-23 18:00:00', '2025-06-23 19:00:00', '1750717852'),
(189, 'BARRE', '207', '74', '60 min', 'DanyFer', '5', '0', '1', NULL, '2025-06-23 18:00:00', '2025-06-23 19:00:00', '1750718830'),
(190, 'BARRE', '212', '2', '50 min', 'DanyFer', '5', '2', '1', NULL, '2025-06-23 19:10:00', '2025-06-23 20:00:00', '1750720591'),
(191, 'BARRE', '212', '8', '50 min', 'DanyFer', '5', '0', '1', NULL, '2025-06-23 19:10:00', '2025-06-23 20:00:00', '1750721802'),
(192, 'BARRE', '119', '25', '60 min', 'Gali', '3', '0', '1', NULL, '2025-06-25 18:30:00', '2025-06-25 19:30:00', '1750722994'),
(193, 'BARRE', '123', '76', '60 min', 'Gali', '3', '0', '1', NULL, '2025-06-25 19:30:00', '2025-06-25 20:30:00', '1750723844'),
(194, 'BARRE', '119', '8', '60 min', 'Gali', '3', '0', '1', NULL, '2025-06-25 18:30:00', '2025-06-25 19:30:00', '1750725063'),
(195, 'BARRE', '147', '8', '60 min', '-', '15', '0', '1', NULL, '2025-06-28 07:30:00', '2025-06-28 08:30:00', '1750725108'),
(196, 'BARRE', '115', '27', '55 min', 'DanyFer', '5', '0', '1', NULL, '2025-06-25 08:15:00', '2025-06-25 09:10:00', '1750726051'),
(197, 'SCULPT', '91', '27', '55 min', 'Beto', '8', '0', '1', NULL, '2025-06-26 08:15:00', '2025-06-26 09:10:00', '1750726070'),
(198, 'BARRE', '131', '27', '45 min', 'Katya', '2', '0', '1', NULL, '2025-06-27 08:15:00', '2025-06-27 09:00:00', '1750726087'),
(199, 'PILATES', '217', '37', '60 min', 'Connie', '6', '0', '1', '1', '2025-06-24 07:00:00', '2025-06-24 08:00:00', '1750726583'),
(201, 'SCULPT', '90', '89', '55 min', 'Beto', '8', '0', '1', '1', '2025-06-24 08:15:00', '2025-06-24 09:10:00', '1750730144'),
(202, 'BARRE', '194', '68', '60 min', 'Ananda', '17', '0', '1', NULL, '2025-06-29 08:30:00', '2025-06-29 09:30:00', '1750737898'),
(203, 'BARRE', '119', '40', '60 min', 'Gali', '3', '0', '1', NULL, '2025-06-25 18:30:00', '2025-06-25 19:30:00', '1750771996'),
(204, 'SCULPT', '90', '49', '55 min', 'Beto', '8', '0', '1', NULL, '2025-06-24 08:15:00', '2025-06-24 09:10:00', '1750773521'),
(207, 'PILATES', '83', '37', '60 min', 'Connie', '6', '0', '1', '1', '2025-06-26 07:00:00', '2025-06-26 08:00:00', '1750774164'),
(208, 'BARRE', '115', '60', '55 min', 'DanyFer', '5', '0', '1', NULL, '2025-06-25 08:15:00', '2025-06-25 09:10:00', '1750779163'),
(209, 'YOGA', '203', '93', '50 min', 'Connie', '6', '0', '1', NULL, '2025-06-24 20:10:00', '2025-06-24 21:00:00', '1750784289'),
(210, 'BARRE', '111', '101', '60 min', 'DanyFer', '5', '0', '1', NULL, '2025-06-25 07:00:00', '2025-06-25 08:00:00', '1750784534'),
(211, 'PILATES', '83', '101', '60 min', 'Connie', '6', '0', '1', NULL, '2025-06-26 07:00:00', '2025-06-26 08:00:00', '1750784569'),
(212, 'BARRE', '127', '101', '60 min', 'Katya', '2', '0', '1', NULL, '2025-06-27 07:00:00', '2025-06-27 08:00:00', '1750784591'),
(213, 'BARRE', '155', '101', '50 min', '-', '15', '0', '1', NULL, '2025-06-28 09:40:00', '2025-06-28 10:30:00', '1750784632'),
(216, 'BARRE', '111', '44', '60 min', 'DanyFer', '5', '0', '1', NULL, '2025-06-25 07:00:00', '2025-06-25 08:00:00', '1750785325'),
(219, 'YOGA', '203', '103', '50 min', 'Connie', '6', '0', '1', NULL, '2025-06-24 20:10:00', '2025-06-24 21:00:00', '1750792342'),
(220, 'PILATES', '106', '51', '50 min', 'Connie', '6', '0', '1', NULL, '2025-06-24 19:10:00', '2025-06-24 20:00:00', '1750794651'),
(221, 'BARRE', '119', '51', '60 min', 'Gali', '3', '0', '1', NULL, '2025-06-25 18:30:00', '2025-06-25 19:30:00', '1750794678'),
(222, 'BARRE', '131', '51', '45 min', 'Katya', '2', '0', '1', NULL, '2025-06-27 08:15:00', '2025-06-27 09:00:00', '1750794808'),
(223, 'BARRE', '159', '51', '60 min', '-', '15', '0', '1', NULL, '2025-06-28 08:30:00', '2025-06-28 09:30:00', '1750794950'),
(224, 'PILATES', '106', '78', '50 min', 'Connie', '6', '0', '1', NULL, '2025-06-24 19:10:00', '2025-06-24 20:00:00', '1750795753'),
(225, 'PILATES', '98', '23', '50 min', 'Connie', '6', '0', '1', NULL, '2025-06-24 18:10:00', '2025-06-24 19:00:00', '1750807706'),
(226, 'PILATES', '106', '91', '50 min', 'Connie', '6', '0', '1', NULL, '2025-06-24 19:10:00', '2025-06-24 20:00:00', '1750809273'),
(227, 'BARRE', '111', '62', '60 min', 'DanyFer', '5', '0', '1', NULL, '2025-06-25 07:00:00', '2025-06-25 08:00:00', '1750816536'),
(228, 'BARRE', '115', '105', '55 min', 'DanyFer', '5', '0', '1', NULL, '2025-06-25 08:15:00', '2025-06-25 09:10:00', '1750817650'),
(229, 'BARRE', '123', '102', '60 min', 'Gali', '3', '0', '1', NULL, '2025-06-25 19:30:00', '2025-06-25 20:30:00', '1750822426'),
(230, 'BARRE', '119', '92', '60 min', 'Gali', '3', '0', '1', NULL, '2025-06-25 18:30:00', '2025-06-25 19:30:00', '1750823520'),
(232, 'BARRE', '111', '20', '60 min', 'DanyFer', '5', '0', '1', NULL, '2025-06-25 07:00:00', '2025-06-25 08:00:00', '1750856723'),
(233, 'BARRE', '119', '22', '60 min', 'Gali', '3', '0', '1', NULL, '2025-06-25 18:30:00', '2025-06-25 19:30:00', '1750860908'),
(234, 'BARRE', '147', '22', '60 min', '-', '15', '0', '1', NULL, '2025-06-28 07:30:00', '2025-06-28 08:30:00', '1750861012'),
(235, 'BARRE', '119', '46', '60 min', 'Gali', '3', '0', '1', NULL, '2025-06-25 18:30:00', '2025-06-25 19:30:00', '1750864606'),
(236, 'BARRE', '155', '46', '50 min', '-', '15', '0', '1', NULL, '2025-06-28 09:40:00', '2025-06-28 10:30:00', '1750864643'),
(237, 'BARRE', '208', '46', '60 min', 'DanyFer', '5', '0', '1', NULL, '2025-06-30 18:00:00', '2025-06-30 19:00:00', '1750864743'),
(238, 'BARRE', '119', '56', '60 min', 'Gali', '3', '0', '1', NULL, '2025-06-25 18:30:00', '2025-06-25 19:30:00', '1750866111'),
(239, 'PILATES', '83', '44', '60 min', 'Connie', '6', '0', '1', NULL, '2025-06-26 07:00:00', '2025-06-26 08:00:00', '1750882948'),
(240, 'BARRE', '123', '78', '60 min', 'Gali', '3', '0', '1', NULL, '2025-06-25 19:30:00', '2025-06-25 20:30:00', '1750888895'),
(241, 'PILATES', '107', '78', '50 min', 'Connie', '6', '0', '1', NULL, '2025-06-26 19:10:00', '2025-06-26 20:00:00', '1750888982'),
(242, 'BARRE', '127', '78', '60 min', 'Katya', '2', '0', '1', NULL, '2025-06-27 07:00:00', '2025-06-27 08:00:00', '1750889037'),
(243, 'BARRE', '159', '78', '60 min', '-', '15', '0', '1', NULL, '2025-06-28 08:30:00', '2025-06-28 09:30:00', '1750889085'),
(244, 'BARRE', '123', '94', '60 min', 'Gali', '3', '0', '1', NULL, '2025-06-25 19:30:00', '2025-06-25 20:30:00', '1750890840'),
(247, 'BARRE', '123', '4', '60 min', 'Gali', '3', '0', '1', NULL, '2025-06-25 19:30:00', '2025-06-25 20:30:00', '1750891072'),
(248, 'BARRE', '131', '70', '45 min', 'Katya', '2', '0', '1', NULL, '2025-06-27 08:15:00', '2025-06-27 09:00:00', '1750892554'),
(249, 'PILATES', '83', '20', '60 min', 'Connie', '6', '0', '1', NULL, '2025-06-26 07:00:00', '2025-06-26 08:00:00', '1750896330'),
(250, 'BARRE', '127', '20', '60 min', 'Katya', '2', '0', '1', NULL, '2025-06-27 07:00:00', '2025-06-27 08:00:00', '1750896410'),
(251, 'BARRE', '123', '104', '60 min', 'Gali', '3', '0', '1', NULL, '2025-06-25 19:30:00', '2025-06-25 20:30:00', '1750898247'),
(253, 'SCULPT', '91', '89', '55 min', 'Beto', '8', '0', '1', NULL, '2025-06-26 08:15:00', '2025-06-26 09:10:00', '1750904724'),
(254, 'PILATES', '83', '94', '60 min', 'Connie', '6', '0', '1', NULL, '2025-06-26 07:00:00', '2025-06-26 08:00:00', '1750911308'),
(255, 'PILATES', '107', '102', '50 min', 'Connie', '6', '0', '1', NULL, '2025-06-26 19:10:00', '2025-06-26 20:00:00', '1750912160'),
(256, 'SCULPT', '91', '80', '55 min', 'Beto', '8', '0', '1', NULL, '2025-06-26 08:15:00', '2025-06-26 09:10:00', '1750944940'),
(257, 'SCULPT', '91', '49', '55 min', 'Beto', '8', '0', '1', '1', '2025-06-26 08:15:00', '2025-06-26 09:10:00', '1750945380'),
(258, 'SCULPT', '91', '4', '55 min', 'Beto', '8', '0', '1', NULL, '2025-06-26 08:15:00', '2025-06-26 09:10:00', '1750945899'),
(259, 'SCULPT', '91', '60', '55 min', 'Beto', '8', '0', '1', NULL, '2025-06-26 08:15:00', '2025-06-26 09:10:00', '1750947337'),
(260, 'BARRE', '194', '2', '60 min', 'Ananda', '17', '1', '1', NULL, '2025-06-29 08:30:00', '2025-06-29 09:30:00', '1750951412'),
(261, 'BARRE', '252', '61', '60 min', 'Gali', '3', '0', '1', NULL, '2025-07-02 19:30:00', '2025-07-02 20:30:00', '1750953251'),
(262, 'BARRE', '213', '109', '50 min', 'DanyFer', '5', '0', '1', NULL, '2025-06-30 19:10:00', '2025-06-30 20:00:00', '1750976360'),
(264, 'BARRE', '213', '107', '50 min', 'DanyFer', '5', '0', '1', NULL, '2025-06-30 19:10:00', '2025-06-30 20:00:00', '1750976429'),
(265, 'BARRE', '252', '109', '60 min', 'Gali', '3', '0', '1', NULL, '2025-07-02 19:30:00', '2025-07-02 20:30:00', '1750976650'),
(266, 'BARRE', '252', '107', '60 min', 'Gali', '3', '0', '1', NULL, '2025-07-02 19:30:00', '2025-07-02 20:30:00', '1750976699'),
(267, 'PILATES', '107', '112', '50 min', 'Connie', '6', '0', '1', NULL, '2025-06-26 19:10:00', '2025-06-26 20:00:00', '1750985573'),
(268, 'BARRE', '159', '36', '60 min', 'Sin Coach', '15', '1', '1', NULL, '2025-06-28 08:30:00', '2025-06-28 09:30:00', '1750990598'),
(269, 'BARRE', '131', '72', '45 min', 'Katya', '2', '0', '1', NULL, '2025-06-27 08:15:00', '2025-06-27 09:00:00', '1750990990'),
(270, 'BARRE', '127', '94', '60 min', 'Katya', '2', '0', '1', NULL, '2025-06-27 07:00:00', '2025-06-27 08:00:00', '1750991707'),
(271, 'BARRE', '127', '44', '60 min', 'Katya', '2', '0', '1', NULL, '2025-06-27 07:00:00', '2025-06-27 08:00:00', '1750992022'),
(272, 'BARRE', '147', '2', '60 min', 'Sin Coach', '15', '2', '1', NULL, '2025-06-28 07:30:00', '2025-06-28 08:30:00', '1750998434'),
(273, 'BARRE', '147', '33', '60 min', '-', '15', '0', '1', NULL, '2025-06-28 07:30:00', '2025-06-28 08:30:00', '1750998600'),
(274, 'BARRE', '127', '62', '60 min', 'Katya', '2', '0', '1', NULL, '2025-06-27 07:00:00', '2025-06-27 08:00:00', '1750998699'),
(275, 'BARRE', '65', '27', '55 min', 'Katya', '2', '0', '1', '1', '2025-06-30 08:15:00', '2025-06-30 09:10:00', '1751003614'),
(276, 'BARRE', '194', '21', '60 min', 'Ananda', '17', '0', '1', NULL, '2025-06-29 08:30:00', '2025-06-29 09:30:00', '1751033933'),
(277, 'BARRE', '147', '56', '60 min', '-', '15', '0', '1', NULL, '2025-06-28 07:30:00', '2025-06-28 08:30:00', '1751035957'),
(278, 'BARRE', '147', '90', '60 min', '-', '15', '0', '1', NULL, '2025-06-28 07:30:00', '2025-06-28 08:30:00', '1751054712'),
(279, 'BARRE', '159', '49', '60 min', '-', '15', '0', '1', NULL, '2025-06-28 08:30:00', '2025-06-28 09:30:00', '1751064839'),
(280, 'BARRE', '155', '40', '50 min', '-', '15', '0', '1', NULL, '2025-06-28 09:40:00', '2025-06-28 10:30:00', '1751066571'),
(282, 'BARRE', '155', '74', '50 min', '-', '15', '0', '1', NULL, '2025-06-28 09:40:00', '2025-06-28 10:30:00', '1751071870'),
(283, 'BARRE', '194', '74', '60 min', 'Ananda', '17', '0', '1', NULL, '2025-06-29 08:30:00', '2025-06-29 09:30:00', '1751071928'),
(284, 'BARRE', '147', '76', '60 min', '-', '15', '0', '1', NULL, '2025-06-28 07:30:00', '2025-06-28 08:30:00', '1751081342'),
(287, 'BARRE', '147', '25', '60 min', 'Sin Coach', '15', '0', '1', NULL, '2025-06-28 07:30:00', '2025-06-28 08:30:00', '1751117825'),
(289, 'BARRE', '194', '25', '60 min', 'Ananda', '17', '0', '1', NULL, '2025-06-29 08:30:00', '2025-06-29 09:30:00', '1751117876'),
(292, 'BARRE', '155', '18', '50 min', 'Sin Coach', '15', '0', '1', NULL, '2025-06-28 09:40:00', '2025-06-28 10:30:00', '1751125233'),
(294, 'BARRE', '252', '28', '60 min', 'Gali', '3', '0', '1', NULL, '2025-07-02 19:30:00', '2025-07-02 20:30:00', '1751133467'),
(295, 'BARRE', '199', '23', '60 min', 'Ananda', '17', '0', '1', NULL, '2025-06-29 09:30:00', '2025-06-29 10:30:00', '1751148082'),
(296, 'BARRE', '194', '90', '60 min', 'Ananda', '17', '0', '1', NULL, '2025-06-29 08:30:00', '2025-06-29 09:30:00', '1751148605'),
(297, 'BARRE', '199', '2', '60 min', 'Ananda', '17', '1', '1', NULL, '2025-06-29 09:30:00', '2025-06-29 10:30:00', '1751150764'),
(298, 'BARRE', '194', '112', '60 min', 'Ananda', '17', '0', '1', NULL, '2025-06-29 08:30:00', '2025-06-29 09:30:00', '1751152645'),
(299, 'BARRE', '213', '61', '50 min', 'DanyFer', '5', '0', '1', NULL, '2025-06-30 19:10:00', '2025-06-30 20:00:00', '1751154427'),
(300, 'BARRE', '213', '28', '50 min', 'DanyFer', '5', '0', '1', NULL, '2025-06-30 19:10:00', '2025-06-30 20:00:00', '1751154912'),
(301, 'BARRE', '346', '28', '60 min', 'Mariana', '18', '0', '1', NULL, '2025-07-05 07:30:00', '2025-07-05 08:30:00', '1751155000'),
(302, 'BARRE', '194', '56', '60 min', 'Ananda', '17', '0', '1', NULL, '2025-06-29 08:30:00', '2025-06-29 09:30:00', '1751157581'),
(303, 'BARRE', '194', '4', '60 min', 'Ananda', '17', '0', '1', NULL, '2025-06-29 08:30:00', '2025-06-29 09:30:00', '1751160379'),
(305, 'BARRE', '199', '76', '60 min', 'Ananda', '17', '0', '1', NULL, '2025-06-29 09:30:00', '2025-06-29 10:30:00', '1751176454'),
(306, 'BARRE', '252', '102', '60 min', 'Gali', '3', '0', '1', NULL, '2025-07-02 19:30:00', '2025-07-02 20:30:00', '1751223068'),
(307, 'BARRE', '70', '74', '60 min', 'Katya', '2', '0', '1', NULL, '2025-06-30 07:00:00', '2025-06-30 08:00:00', '1751224694'),
(308, 'BARRE', '70', '44', '60 min', 'Katya', '2', '0', '1', NULL, '2025-06-30 07:00:00', '2025-06-30 08:00:00', '1751224860'),
(309, 'BARRE', '70', '2', '60 min', 'Katya', '2', '1', '1', NULL, '2025-06-30 07:00:00', '2025-06-30 08:00:00', '1751224881'),
(310, 'BARRE', '208', '88', '60 min', 'DanyFer', '5', '0', '1', NULL, '2025-06-30 18:00:00', '2025-06-30 19:00:00', '1751225796'),
(311, 'BARRE', '65', '60', '55 min', 'Katya', '2', '0', '1', NULL, '2025-06-30 08:15:00', '2025-06-30 09:10:00', '1751226279'),
(314, 'BARRE', '208', '90', '60 min', 'DanyFer', '5', '0', '1', NULL, '2025-06-30 18:00:00', '2025-06-30 19:00:00', '1751235291'),
(315, 'BARRE', '70', '101', '60 min', 'Katya', '2', '0', '1', NULL, '2025-06-30 07:00:00', '2025-06-30 08:00:00', '1751235924'),
(316, 'PILATES', '218', '101', '60 min', 'Connie', '6', '0', '1', NULL, '2025-07-01 07:00:00', '2025-07-01 08:00:00', '1751235946'),
(317, 'BARRE', '228', '101', '60 min', 'DanyFer', '5', '0', '1', NULL, '2025-07-02 07:00:00', '2025-07-02 08:00:00', '1751235963'),
(318, 'PILATES', '336', '101', '60 min', 'Connie', '6', '0', '1', NULL, '2025-07-03 07:00:00', '2025-07-03 08:00:00', '1751235988'),
(319, 'BARRE', '257', '101', '60 min', 'Katya', '2', '0', '1', NULL, '2025-07-04 07:00:00', '2025-07-04 08:00:00', '1751236004'),
(320, 'BARRE', '213', '2', '50 min', 'DanyFer', '5', '1', '1', NULL, '2025-06-30 19:10:00', '2025-06-30 20:00:00', '1751238568'),
(321, 'BARRE', '208', '96', '60 min', 'DanyFer', '5', '0', '1', NULL, '2025-06-30 18:00:00', '2025-06-30 19:00:00', '1751241862'),
(322, 'YOGA', '327', '25', '50 min', 'Connie', '6', '0', '1', NULL, '2025-07-08 20:10:00', '2025-07-08 21:00:00', '1751244004'),
(323, 'BARRE', '259', '25', '60 min', 'Katya', '2', '0', '1', NULL, '2025-07-11 07:00:00', '2025-07-11 08:00:00', '1751244019'),
(324, 'BARRE', '70', '20', '60 min', 'Katya', '2', '0', '1', NULL, '2025-06-30 07:00:00', '2025-06-30 08:00:00', '1751250831'),
(325, 'BARRE', '70', '2', '60 min', 'Katya', '2', '0', '1', NULL, '2025-06-30 07:00:00', '2025-06-30 08:00:00', '1751252228'),
(326, 'PILATES', '218', '20', '60 min', 'Connie', '6', '0', '1', NULL, '2025-07-01 07:00:00', '2025-07-01 08:00:00', '1751258670'),
(328, 'PILATES', '336', '20', '60 min', 'Connie', '6', '0', '1', NULL, '2025-07-03 07:00:00', '2025-07-03 08:00:00', '1751258704'),
(329, 'BARRE', '70', '94', '60 min', 'Katya', '2', '0', '1', NULL, '2025-06-30 07:00:00', '2025-06-30 08:00:00', '1751263286'),
(330, 'BARRE', '70', '62', '60 min', 'Katya', '2', '0', '1', NULL, '2025-06-30 07:00:00', '2025-06-30 08:00:00', '1751267618'),
(331, 'SCULPT', '223', '27', '60 min', 'Beto', '8', '0', '1', NULL, '2025-07-01 08:15:00', '2025-07-01 09:15:00', '1751291825'),
(332, 'BARRE', '233', '27', '60 min', 'DanyFer', '5', '0', '1', NULL, '2025-07-02 08:15:00', '2025-07-02 09:15:00', '1751291839'),
(334, 'BARRE', '278', '27', '55 min', 'Katya', '2', '0', '1', NULL, '2025-07-04 08:15:00', '2025-07-04 09:10:00', '1751291865'),
(335, 'BARRE', '208', '40', '60 min', 'DanyFer', '5', '0', '1', NULL, '2025-06-30 18:00:00', '2025-06-30 19:00:00', '1751292802'),
(336, 'BARRE', '65', '78', '55 min', 'Katya', '2', '0', '1', NULL, '2025-06-30 08:15:00', '2025-06-30 09:10:00', '1751292843'),
(337, 'PILATES', '312', '36', '50 min', 'Connie', '6', '0', '1', NULL, '2025-07-01 19:10:00', '2025-07-01 20:00:00', '1751294911'),
(338, 'BARRE', '252', '36', '60 min', 'Gali', '3', '1', '1', NULL, '2025-07-02 19:30:00', '2025-07-02 20:30:00', '1751294931'),
(340, 'SCULPT', '223', '64', '60 min', 'Beto', '8', '0', '1', NULL, '2025-07-01 08:15:00', '2025-07-01 09:15:00', '1751295936'),
(341, 'BARRE', '208', '30', '60 min', 'DanyFer', '5', '0', '1', NULL, '2025-06-30 18:00:00', '2025-06-30 19:00:00', '1751300441'),
(342, 'PILATES', '312', '30', '50 min', 'Connie', '6', '0', '1', NULL, '2025-07-01 19:10:00', '2025-07-01 20:00:00', '1751300457'),
(343, 'YOGA', '326', '30', '50 min', 'Connie', '6', '0', '1', NULL, '2025-07-01 20:10:00', '2025-07-01 21:00:00', '1751300479'),
(345, 'BARRE', '247', '30', '60 min', 'Gali', '3', '0', '1', NULL, '2025-07-02 18:30:00', '2025-07-02 19:30:00', '1751300605'),
(347, 'BARRE', '208', '122', '60 min', 'DanyFer', '5', '0', '1', NULL, '2025-06-30 18:00:00', '2025-06-30 19:00:00', '1751301515'),
(348, 'BARRE', '252', '110', '60 min', 'Gali', '3', '0', '1', NULL, '2025-07-02 19:30:00', '2025-07-02 20:30:00', '1751305555'),
(349, 'BARRE', '252', '123', '60 min', 'Gali', '3', '0', '1', NULL, '2025-07-02 19:30:00', '2025-07-02 20:30:00', '1751305558'),
(350, 'YOGA', '326', '93', '50 min', 'Connie', '6', '0', '1', NULL, '2025-07-01 20:10:00', '2025-07-01 21:00:00', '1751305889'),
(352, 'BARRE', '252', '124', '60 min', 'Gali', '3', '0', '1', NULL, '2025-07-02 19:30:00', '2025-07-02 20:30:00', '1751307228'),
(353, 'BARRE', '247', '2', '60 min', 'Gali', '3', '1', '1', NULL, '2025-07-02 18:30:00', '2025-07-02 19:30:00', '1751310164'),
(354, 'BARRE', '208', '111', '60 min', 'DanyFer', '5', '0', '1', NULL, '2025-06-30 18:00:00', '2025-06-30 19:00:00', '1751314949'),
(355, 'PILATES', '302', '111', '50 min', 'Connie', '6', '0', '1', NULL, '2025-07-01 18:10:00', '2025-07-01 19:00:00', '1751314975'),
(358, 'SCULPT', '223', '125', '60 min', 'Beto', '8', '0', '1', NULL, '2025-07-01 08:15:00', '2025-07-01 09:15:00', '1751322423'),
(359, 'PILATES', '312', '48', '50 min', 'Connie', '6', '0', '1', NULL, '2025-07-01 19:10:00', '2025-07-01 20:00:00', '1751322730'),
(360, 'BARRE', '252', '48', '60 min', 'Gali', '3', '0', '1', NULL, '2025-07-02 19:30:00', '2025-07-02 20:30:00', '1751322845'),
(361, 'PILATES', '336', '48', '60 min', 'Connie', '6', '0', '1', NULL, '2025-07-03 07:00:00', '2025-07-03 08:00:00', '1751322875'),
(362, 'BARRE', '257', '48', '60 min', 'Katya', '2', '0', '1', NULL, '2025-07-04 07:00:00', '2025-07-04 08:00:00', '1751322895'),
(364, 'BARRE', '247', '40', '60 min', 'Gali', '3', '0', '1', NULL, '2025-07-02 18:30:00', '2025-07-02 19:30:00', '1751326360'),
(365, 'BARRE', '208', '94', '60 min', 'DanyFer', '5', '0', '1', NULL, '2025-06-30 18:00:00', '2025-06-30 19:00:00', '1751327067'),
(366, 'BARRE', '247', '8', '60 min', 'Gali', '3', '0', '1', NULL, '2025-07-02 18:30:00', '2025-07-02 19:30:00', '1751331886'),
(367, 'BARRE', '346', '8', '60 min', 'Mariana', '18', '0', '1', '1', '2025-07-05 07:30:00', '2025-07-05 08:30:00', '1751331927'),
(368, 'BARRE', '370', '8', '60 min', 'Ananda', '17', '0', '1', '1', '2025-07-06 08:30:00', '2025-07-06 09:30:00', '1751332319'),
(369, 'SCULPT', '223', '90', '60 min', 'Beto', '8', '0', '1', NULL, '2025-07-01 08:15:00', '2025-07-01 09:15:00', '1751334142'),
(370, 'BARRE', '247', '127', '60 min', 'Gali', '3', '0', '1', NULL, '2025-07-02 18:30:00', '2025-07-02 19:30:00', '1751334996'),
(371, 'YOGA', '326', '128', '50 min', 'Connie', '6', '0', '1', NULL, '2025-07-01 20:10:00', '2025-07-01 21:00:00', '1751337660'),
(372, 'BARRE', '257', '20', '60 min', 'Katya', '2', '0', '1', NULL, '2025-07-04 07:00:00', '2025-07-04 08:00:00', '1751338321'),
(374, 'SCULPT', '223', '89', '60 min', 'Beto', '8', '0', '1', NULL, '2025-07-01 08:15:00', '2025-07-01 09:15:00', '1751344286'),
(375, 'PILATES', '218', '94', '60 min', 'Connie', '6', '0', '1', NULL, '2025-07-01 07:00:00', '2025-07-01 08:00:00', '1751347540'),
(376, 'BARRE', '229', '130', '60 min', 'DanyFer', '5', '0', '1', NULL, '2025-07-09 07:00:00', '2025-07-09 08:00:00', '1751373605'),
(377, 'BARRE', '259', '130', '60 min', 'Katya', '2', '0', '1', NULL, '2025-07-11 07:00:00', '2025-07-11 08:00:00', '1751373659'),
(378, 'YOGA', '326', '44', '50 min', 'Connie', '6', '0', '1', NULL, '2025-07-01 20:10:00', '2025-07-01 21:00:00', '1751374887'),
(379, 'SCULPT', '223', '80', '60 min', 'Beto', '8', '0', '1', NULL, '2025-07-01 08:15:00', '2025-07-01 09:15:00', '1751377380'),
(380, 'BARRE', '350', '59', '50 min', 'Mariana', '18', '0', '1', '1', '2025-07-05 08:40:00', '2025-07-05 09:30:00', '1751384485'),
(381, 'PILATES', '312', '37', '50 min', 'Connie', '6', '0', '1', NULL, '2025-07-01 19:10:00', '2025-07-01 20:00:00', '1751388063'),
(382, 'BARRE', '247', '76', '60 min', 'Gali', '3', '0', '1', NULL, '2025-07-02 18:30:00', '2025-07-02 19:30:00', '1751399273'),
(383, 'PILATES', '312', '21', '50 min', 'Connie', '6', '0', '1', NULL, '2025-07-01 19:10:00', '2025-07-01 20:00:00', '1751405896'),
(384, 'BARRE', '252', '111', '60 min', 'Gali', '3', '0', '1', NULL, '2025-07-02 19:30:00', '2025-07-02 20:30:00', '1751409012'),
(385, 'BARRE', '350', '104', '50 min', 'Mariana', '18', '0', '1', NULL, '2025-07-05 08:40:00', '2025-07-05 09:30:00', '1751410844'),
(386, 'SCULPT', '341', '89', '55 min', 'Beto', '8', '0', '1', '1', '2025-07-03 08:15:00', '2025-07-03 09:10:00', '1751412606'),
(387, 'BARRE', '247', '59', '60 min', 'Gali', '3', '0', '1', NULL, '2025-07-02 18:30:00', '2025-07-02 19:30:00', '1751412781'),
(388, 'BARRE', '228', '91', '60 min', 'DanyFer', '5', '0', '1', NULL, '2025-07-02 07:00:00', '2025-07-02 08:00:00', '1751414650'),
(389, 'BARRE', '233', '60', '60 min', 'DanyFer', '5', '0', '1', NULL, '2025-07-02 08:15:00', '2025-07-02 09:15:00', '1751414973'),
(390, 'SCULPT', '341', '105', '55 min', 'Beto', '8', '0', '1', NULL, '2025-07-03 08:15:00', '2025-07-03 09:10:00', '1751416797'),
(391, 'BARRE', '233', '105', '60 min', 'DanyFer', '5', '0', '1', NULL, '2025-07-02 08:15:00', '2025-07-02 09:15:00', '1751416872'),
(392, 'SCULPT', '341', '2', '55 min', 'Beto', '8', '0', '1', NULL, '2025-07-03 08:15:00', '2025-07-03 09:10:00', '1751416952'),
(393, 'BARRE', '233', '96', '60 min', 'DanyFer', '5', '0', '1', NULL, '2025-07-02 08:15:00', '2025-07-02 09:15:00', '1751417443'),
(394, 'PILATES', '312', '23', '50 min', 'Connie', '6', '0', '1', NULL, '2025-07-01 19:10:00', '2025-07-01 20:00:00', '1751417903'),
(395, 'YOGA', '326', '135', '50 min', 'Connie', '6', '0', '1', NULL, '2025-07-01 20:10:00', '2025-07-01 21:00:00', '1751422343'),
(396, 'BARRE', '370', '33', '60 min', 'Ananda', '17', '0', '1', NULL, '2025-07-06 08:30:00', '2025-07-06 09:30:00', '1751422794'),
(397, 'BARRE', '247', '9', '60 min', 'Gali', '3', '0', '1', NULL, '2025-07-02 18:30:00', '2025-07-02 19:30:00', '1751423410'),
(398, 'PILATES', '331', '9', '50 min', 'Connie', '6', '0', '1', NULL, '2025-07-03 18:10:00', '2025-07-03 19:00:00', '1751424111'),
(400, 'PILATES', '331', '2', '50 min', 'Connie', '6', '0', '1', NULL, '2025-07-03 18:10:00', '2025-07-03 19:00:00', '1751424739'),
(401, 'PILATES', '331', '2', '50 min', 'Connie', '6', '0', '1', NULL, '2025-07-03 18:10:00', '2025-07-03 19:00:00', '1751424821'),
(402, 'BARRE', '228', '9', '60 min', 'DanyFer', '5', '2', '1', NULL, '2025-07-02 07:00:00', '2025-07-02 08:00:00', '1751424893'),
(404, 'BARRE', '233', '9', '60 min', 'DanyFer', '5', '1', '1', NULL, '2025-07-02 08:15:00', '2025-07-02 09:15:00', '1751425237'),
(406, 'BARRE', '233', '70', '60 min', 'DanyFer', '5', '0', '1', NULL, '2025-07-02 08:15:00', '2025-07-02 09:15:00', '1751439487'),
(407, 'BARRE', '247', '56', '60 min', 'Gali', '3', '0', '1', NULL, '2025-07-02 18:30:00', '2025-07-02 19:30:00', '1751457876'),
(408, 'BARRE', '228', '94', '60 min', 'DanyFer', '5', '0', '1', NULL, '2025-07-02 07:00:00', '2025-07-02 08:00:00', '1751459499'),
(409, 'PILATES', '313', '112', '50 min', 'Connie', '6', '0', '1', NULL, '2025-07-03 19:10:00', '2025-07-03 20:00:00', '1751460144'),
(410, 'BARRE', '370', '112', '60 min', 'Ananda', '17', '0', '1', NULL, '2025-07-06 08:30:00', '2025-07-06 09:30:00', '1751460442'),
(411, 'BARRE', '233', '132', '60 min', 'DanyFer', '5', '0', '1', NULL, '2025-07-02 08:15:00', '2025-07-02 09:15:00', '1751461470'),
(412, 'BARRE', '247', '131', '60 min', 'Gali', '3', '0', '1', NULL, '2025-07-02 18:30:00', '2025-07-02 19:30:00', '1751463695'),
(413, 'SCULPT', '341', '132', '55 min', 'Beto', '8', '0', '1', NULL, '2025-07-03 08:15:00', '2025-07-03 09:10:00', '1751469223'),
(415, 'PILATES', '331', '30', '50 min', 'Connie', '6', '0', '1', NULL, '2025-07-03 18:10:00', '2025-07-03 19:00:00', '1751489783'),
(416, 'BARRE', '247', '92', '60 min', 'Gali', '3', '0', '1', NULL, '2025-07-02 18:30:00', '2025-07-02 19:30:00', '1751491692'),
(417, 'PILATES', '331', '111', '50 min', 'Connie', '6', '0', '1', NULL, '2025-07-03 18:10:00', '2025-07-03 19:00:00', '1751491971'),
(418, 'PILATES', '331', '127', '50 min', 'Connie', '6', '0', '1', NULL, '2025-07-03 18:10:00', '2025-07-03 19:00:00', '1751494267'),
(419, 'SCULPT', '341', '60', '55 min', 'Beto', '8', '0', '1', NULL, '2025-07-03 08:15:00', '2025-07-03 09:10:00', '1751499170'),
(420, 'PILATES', '313', '137', '50 min', 'Connie', '6', '0', '1', NULL, '2025-07-03 19:10:00', '2025-07-03 20:00:00', '1751509298'),
(421, 'BARRE', '290', '107', '50 min', 'DanyFer', '5', '0', '1', NULL, '2025-07-07 19:10:00', '2025-07-07 20:00:00', '1751510459'),
(423, 'BARRE', '346', '27', '60 min', 'Mariana', '18', '0', '1', NULL, '2025-07-05 07:30:00', '2025-07-05 08:30:00', '1751512890'),
(424, 'PILATES', '336', '94', '60 min', 'Connie', '6', '0', '1', NULL, '2025-07-03 07:00:00', '2025-07-03 08:00:00', '1751518334'),
(425, 'BARRE', '354', '48', '50 min', 'Mariana', '18', '0', '1', NULL, '2025-07-05 09:40:00', '2025-07-05 10:30:00', '1751519704'),
(426, 'BARRE', '354', '128', '50 min', 'Mariana', '18', '0', '1', NULL, '2025-07-05 09:40:00', '2025-07-05 10:30:00', '1751523717'),
(427, 'SCULPT', '341', '64', '55 min', 'Beto', '8', '0', '1', NULL, '2025-07-03 08:15:00', '2025-07-03 09:10:00', '1751550070'),
(428, 'BARRE', '278', '64', '55 min', 'Katya', '2', '0', '1', NULL, '2025-07-04 08:15:00', '2025-07-04 09:10:00', '1751550095'),
(429, 'BARRE', '370', '64', '60 min', 'Ananda', '17', '0', '1', NULL, '2025-07-06 08:30:00', '2025-07-06 09:30:00', '1751550159'),
(430, 'PILATES', '313', '21', '50 min', 'Connie', '6', '0', '1', NULL, '2025-07-03 19:10:00', '2025-07-03 20:00:00', '1751555737'),
(431, 'BARRE', '346', '21', '60 min', 'Mariana', '18', '0', '1', NULL, '2025-07-05 07:30:00', '2025-07-05 08:30:00', '1751555784'),
(432, 'PILATES', '313', '91', '50 min', 'Connie', '6', '0', '1', NULL, '2025-07-03 19:10:00', '2025-07-03 20:00:00', '1751560023'),
(435, 'PILATES', '313', '37', '50 min', 'Connie', '6', '0', '1', NULL, '2025-07-03 19:10:00', '2025-07-03 20:00:00', '1751572227'),
(436, 'BARRE', '278', '60', '55 min', 'Katya', '2', '0', '1', NULL, '2025-07-04 08:15:00', '2025-07-04 09:10:00', '1751575178'),
(437, 'PILATES', '331', '94', '50 min', 'Connie', '6', '0', '1', NULL, '2025-07-03 18:10:00', '2025-07-03 19:00:00', '1751579579'),
(438, 'PILATES', '313', '94', '50 min', 'Connie', '6', '0', '1', NULL, '2025-07-03 19:10:00', '2025-07-03 20:00:00', '1751579610'),
(439, 'PILATES', '331', '141', '50 min', 'Connie', '6', '0', '1', NULL, '2025-07-03 18:10:00', '2025-07-03 19:00:00', '1751580383'),
(440, 'BARRE', '346', '25', '60 min', 'Mariana', '18', '0', '1', NULL, '2025-07-05 07:30:00', '2025-07-05 08:30:00', '1751581943'),
(441, 'BARRE', '374', '36', '60 min', 'Ananda', '17', '2', '1', NULL, '2025-07-06 09:30:00', '2025-07-06 10:30:00', '1751584657'),
(442, 'PILATES', '331', '143', '50 min', 'Connie', '6', '0', '1', NULL, '2025-07-03 18:10:00', '2025-07-03 19:00:00', '1751587695'),
(444, 'PILATES', '313', '127', '50 min', 'Connie', '6', '0', '1', NULL, '2025-07-03 19:10:00', '2025-07-03 20:00:00', '1751590280'),
(445, 'PILATES', '313', '23', '50 min', 'Connie', '6', '0', '1', NULL, '2025-07-03 19:10:00', '2025-07-03 20:00:00', '1751590685'),
(446, 'BARRE', '370', '76', '60 min', 'Ananda', '17', '0', '1', NULL, '2025-07-06 08:30:00', '2025-07-06 09:30:00', '1751596239'),
(447, 'BARRE', '278', '70', '55 min', 'Katya', '2', '0', '1', NULL, '2025-07-04 08:15:00', '2025-07-04 09:10:00', '1751613322'),
(448, 'BARRE', '278', '80', '55 min', 'Katya', '2', '0', '1', NULL, '2025-07-04 08:15:00', '2025-07-04 09:10:00', '1751634820'),
(449, 'BARRE', '278', '132', '55 min', 'Katya', '2', '0', '1', NULL, '2025-07-04 08:15:00', '2025-07-04 09:10:00', '1751634992'),
(450, 'YOGA', '266', '18', '60 min', 'María', '10', '0', '1', NULL, '2025-07-04 09:30:00', '2025-07-04 10:30:00', '1751639732'),
(451, 'YOGA', '266', '145', '60 min', 'María', '10', '0', '1', NULL, '2025-07-04 09:30:00', '2025-07-04 10:30:00', '1751639959'),
(452, 'YOGA', '266', '94', '60 min', 'María', '10', '0', '1', NULL, '2025-07-04 09:30:00', '2025-07-04 10:30:00', '1751640033'),
(453, 'BARRE', '346', '122', '60 min', 'Mariana', '18', '0', '1', NULL, '2025-07-05 07:30:00', '2025-07-05 08:30:00', '1751641851'),
(454, 'BARRE', '346', '147', '60 min', 'Mariana', '18', '0', '1', NULL, '2025-07-05 07:30:00', '2025-07-05 08:30:00', '1751647228'),
(455, 'BARRE', '279', '147', '55 min', 'Katya', '2', '0', '1', NULL, '2025-07-07 08:15:00', '2025-07-07 09:10:00', '1751647374'),
(456, 'SCULPT', '224', '147', '60 min', 'Beto', '8', '0', '1', NULL, '2025-07-08 08:15:00', '2025-07-08 09:15:00', '1751647480'),
(458, 'BARRE', '261', '130', '60 min', 'Katya', '2', '0', '1', '1', '2025-07-18 07:00:00', '2025-07-18 08:00:00', '1751656149'),
(459, 'BARRE', '374', '2', '60 min', 'Ananda', '17', '4', '1', NULL, '2025-07-06 09:30:00', '2025-07-06 10:30:00', '1751659104'),
(460, 'BARRE', '350', '96', '50 min', 'Mariana', '18', '0', '1', NULL, '2025-07-05 08:40:00', '2025-07-05 09:30:00', '1751666102'),
(461, 'BARRE', '346', '2', '60 min', 'Mariana', '18', '1', '1', NULL, '2025-07-05 07:30:00', '2025-07-05 08:30:00', '1751667643'),
(462, 'BARRE', '346', '56', '60 min', 'Mariana', '18', '0', '1', NULL, '2025-07-05 07:30:00', '2025-07-05 08:30:00', '1751671108'),
(463, 'BARRE', '346', '44', '60 min', 'Mariana', '18', '0', '1', NULL, '2025-07-05 07:30:00', '2025-07-05 08:30:00', '1751676477'),
(464, 'BARRE', '350', '91', '50 min', 'Mariana', '18', '0', '1', NULL, '2025-07-05 08:40:00', '2025-07-05 09:30:00', '1751681105'),
(465, 'BARRE', '354', '2', '50 min', 'Mariana', '18', '2', '1', NULL, '2025-07-05 09:40:00', '2025-07-05 10:30:00', '1751691532'),
(466, 'BARRE', '350', '2', '50 min', 'Mariana', '18', '0', '1', NULL, '2025-07-05 08:40:00', '2025-07-05 09:30:00', '1751719815'),
(467, 'BARRE', '248', '59', '60 min', 'Gali', '3', '0', '1', NULL, '2025-07-09 18:30:00', '2025-07-09 19:30:00', '1751723647'),
(468, 'BARRE', '367', '59', '60 min', 'Gali', '3', '0', '1', NULL, '2025-07-12 08:40:00', '2025-07-12 09:40:00', '1751723729'),
(469, 'BARRE', '370', '48', '60 min', 'Ananda', '17', '0', '1', NULL, '2025-07-06 08:30:00', '2025-07-06 09:30:00', '1751725232'),
(470, 'BARRE', '370', '2', '60 min', 'Ananda', '17', '1', '1', NULL, '2025-07-06 08:30:00', '2025-07-06 09:30:00', '1751726753'),
(471, 'BARRE', '370', '25', '60 min', 'Ananda', '17', '0', '1', NULL, '2025-07-06 08:30:00', '2025-07-06 09:30:00', '1751731913'),
(472, 'BARRE', '279', '25', '55 min', 'Katya', '2', '0', '1', NULL, '2025-07-07 08:15:00', '2025-07-07 09:10:00', '1751731960'),
(473, 'BARRE', '370', '92', '60 min', 'Ananda', '17', '0', '1', NULL, '2025-07-06 08:30:00', '2025-07-06 09:30:00', '1751746287'),
(474, 'BARRE', '374', '60', '60 min', 'Ananda', '17', '0', '1', NULL, '2025-07-06 09:30:00', '2025-07-06 10:30:00', '1751756280'),
(475, 'BARRE', '374', '111', '60 min', 'Ananda', '17', '0', '1', NULL, '2025-07-06 09:30:00', '2025-07-06 10:30:00', '1751762542'),
(476, 'BARRE', '253', '123', '60 min', 'Gali', '3', '0', '1', NULL, '2025-07-09 19:30:00', '2025-07-09 20:30:00', '1751763843'),
(477, 'BARRE', '253', '110', '60 min', 'Gali', '3', '0', '1', NULL, '2025-07-09 19:30:00', '2025-07-09 20:30:00', '1751763932'),
(478, 'BARRE', '370', '117', '60 min', 'Ananda', '17', '0', '1', NULL, '2025-07-06 08:30:00', '2025-07-06 09:30:00', '1751766106'),
(479, 'BARRE', '253', '28', '60 min', 'Gali', '3', '0', '1', NULL, '2025-07-09 19:30:00', '2025-07-09 20:30:00', '1751766221'),
(480, 'BARRE', '363', '28', '1:10 h', 'Gali', '3', '0', '1', NULL, '2025-07-12 07:30:00', '2025-07-12 08:40:00', '1751766285'),
(481, 'BARRE', '258', '64', '60 min', 'Katya', '2', '0', '1', NULL, '2025-07-07 07:00:00', '2025-07-07 08:00:00', '1751769007'),
(482, 'SCULPT', '224', '64', '60 min', 'Beto', '8', '0', '1', NULL, '2025-07-08 08:15:00', '2025-07-08 09:15:00', '1751769063');
INSERT INTO `reservaciones` (`id`, `clase`, `idClase`, `alumno`, `dura`, `instructor`, `idInstructor`, `invitado`, `activo`, `asiste`, `inicio`, `fin`, `fechaReserva`) VALUES
(483, 'BARRE', '234', '64', '60 min', 'DanyFer', '5', '0', '1', NULL, '2025-07-09 08:15:00', '2025-07-09 09:15:00', '1751769094'),
(484, 'BARRE', '370', '56', '60 min', 'Ananda', '17', '0', '1', NULL, '2025-07-06 08:30:00', '2025-07-06 09:30:00', '1751774433'),
(485, 'BARRE', '374', '150', '60 min', 'Ananda', '17', '0', '1', NULL, '2025-07-06 09:30:00', '2025-07-06 10:30:00', '1751778817'),
(486, 'BARRE', '374', '30', '60 min', 'Ananda', '17', '0', '1', NULL, '2025-07-06 09:30:00', '2025-07-06 10:30:00', '1751805016'),
(488, 'BARRE', '290', '56', '50 min', 'DanyFer', '5', '0', '1', NULL, '2025-07-07 19:10:00', '2025-07-07 20:00:00', '1751828859'),
(489, 'BARRE', '363', '56', '1:10 h', 'Gali', '3', '0', '1', NULL, '2025-07-12 07:30:00', '2025-07-12 08:40:00', '1751828952'),
(490, 'BARRE', '258', '20', '60 min', 'Katya', '2', '0', '1', NULL, '2025-07-07 07:00:00', '2025-07-07 08:00:00', '1751830148'),
(491, 'PILATES', '219', '20', '60 min', 'Connie', '6', '0', '1', NULL, '2025-07-08 07:00:00', '2025-07-08 08:00:00', '1751830177'),
(492, 'BARRE', '229', '20', '60 min', 'DanyFer', '5', '0', '1', NULL, '2025-07-09 07:00:00', '2025-07-09 08:00:00', '1751830199'),
(493, 'PILATES', '337', '20', '60 min', 'Connie', '6', '0', '1', NULL, '2025-07-10 07:00:00', '2025-07-10 08:00:00', '1751830221'),
(494, 'BARRE', '248', '8', '60 min', 'Gali', '3', '0', '1', NULL, '2025-07-09 18:30:00', '2025-07-09 19:30:00', '1751845750'),
(497, 'BARRE', '261', '25', '60 min', 'Katya', '2', '0', '1', NULL, '2025-07-18 07:00:00', '2025-07-18 08:00:00', '1751846121'),
(499, 'BARRE', '286', '27', '60 min', 'DanyFer', '5', '0', '1', NULL, '2025-07-07 18:00:00', '2025-07-07 19:00:00', '1751854244'),
(500, 'SCULPT', '224', '27', '60 min', 'Beto', '8', '0', '1', NULL, '2025-07-08 08:15:00', '2025-07-08 09:15:00', '1751854270'),
(501, 'BARRE', '234', '27', '60 min', 'DanyFer', '5', '0', '1', NULL, '2025-07-09 08:15:00', '2025-07-09 09:15:00', '1751854302'),
(502, 'SCULPT', '342', '27', '55 min', 'Beto', '8', '0', '1', NULL, '2025-07-10 08:15:00', '2025-07-10 09:10:00', '1751854321'),
(503, 'BARRE', '253', '21', '60 min', 'Gali', '3', '0', '1', NULL, '2025-07-09 19:30:00', '2025-07-09 20:30:00', '1751855087'),
(504, 'BARRE', '363', '21', '1:10 h', 'Gali', '3', '0', '1', NULL, '2025-07-12 07:30:00', '2025-07-12 08:40:00', '1751855168'),
(505, 'BARRE', '379', '21', '60 min', 'Gali', '3', '0', '1', NULL, '2025-07-13 08:30:00', '2025-07-13 09:30:00', '1751855197'),
(506, 'BARRE', '367', '123', '60 min', 'Gali', '3', '0', '1', NULL, '2025-07-12 08:40:00', '2025-07-12 09:40:00', '1751856310'),
(507, 'BARRE', '286', '40', '60 min', 'DanyFer', '5', '0', '1', NULL, '2025-07-07 18:00:00', '2025-07-07 19:00:00', '1751856551'),
(508, 'BARRE', '248', '40', '60 min', 'Gali', '3', '0', '1', NULL, '2025-07-09 18:30:00', '2025-07-09 19:30:00', '1751856581'),
(509, 'BARRE', '234', '147', '60 min', 'DanyFer', '5', '0', '1', NULL, '2025-07-09 08:15:00', '2025-07-09 09:15:00', '1751860496'),
(510, 'YOGA', '268', '147', '60 min', 'María', '10', '0', '1', NULL, '2025-07-09 09:30:00', '2025-07-09 10:30:00', '1751860586'),
(511, 'BARRE', '363', '147', '1:10 h', 'Gali', '3', '0', '1', NULL, '2025-07-12 07:30:00', '2025-07-12 08:40:00', '1751860691'),
(512, 'BARRE', '280', '147', '55 min', 'Katya', '2', '0', '1', NULL, '2025-07-11 08:15:00', '2025-07-11 09:10:00', '1751861101'),
(513, 'SCULPT', '394', '111', '50 min', 'Beto', '8', '0', '1', NULL, '2025-07-07 20:10:00', '2025-07-07 21:00:00', '1751861686'),
(514, 'PILATES', '314', '111', '50 min', 'Connie', '6', '0', '1', NULL, '2025-07-08 19:10:00', '2025-07-08 20:00:00', '1751861708'),
(515, 'YOGA', '327', '111', '50 min', 'Connie', '6', '0', '1', NULL, '2025-07-08 20:10:00', '2025-07-08 21:00:00', '1751861722'),
(516, 'BARRE', '248', '111', '60 min', 'Gali', '3', '0', '1', NULL, '2025-07-09 18:30:00', '2025-07-09 19:30:00', '1751861735'),
(517, 'PILATES', '305', '111', '50 min', 'Connie', '6', '0', '1', NULL, '2025-07-10 18:10:00', '2025-07-10 19:00:00', '1751861748'),
(518, 'BARRE', '279', '132', '55 min', 'Katya', '2', '0', '1', NULL, '2025-07-07 08:15:00', '2025-07-07 09:10:00', '1751893509'),
(519, 'SCULPT', '394', '18', '50 min', 'Beto', '8', '0', '1', NULL, '2025-07-07 20:10:00', '2025-07-07 21:00:00', '1751894322'),
(521, 'BARRE', '229', '25', '60 min', 'DanyFer', '5', '0', '1', NULL, '2025-07-09 07:00:00', '2025-07-09 08:00:00', '1751897074'),
(522, 'BARRE', '290', '30', '50 min', 'DanyFer', '5', '0', '1', NULL, '2025-07-07 19:10:00', '2025-07-07 20:00:00', '1751903478'),
(523, 'PILATES', '314', '30', '50 min', 'Connie', '6', '0', '1', NULL, '2025-07-08 19:10:00', '2025-07-08 20:00:00', '1751903500'),
(524, 'YOGA', '327', '30', '50 min', 'Connie', '6', '0', '1', NULL, '2025-07-08 20:10:00', '2025-07-08 21:00:00', '1751903514'),
(525, 'BARRE', '248', '66', '60 min', 'Gali', '3', '0', '1', NULL, '2025-07-09 18:30:00', '2025-07-09 19:30:00', '1751904623'),
(526, 'BARRE', '253', '152', '60 min', 'Gali', '3', '0', '1', NULL, '2025-07-09 19:30:00', '2025-07-09 20:30:00', '1751904679'),
(527, 'BARRE', '234', '25', '60 min', 'DanyFer', '5', '0', '1', NULL, '2025-07-09 08:15:00', '2025-07-09 09:15:00', '1751905095'),
(528, 'PILATES', '305', '25', '50 min', 'Connie', '6', '0', '1', NULL, '2025-07-10 18:10:00', '2025-07-10 19:00:00', '1751905166'),
(529, 'BARRE', '280', '25', '55 min', 'Katya', '2', '0', '1', NULL, '2025-07-11 08:15:00', '2025-07-11 09:10:00', '1751905199'),
(530, 'PILATES', '219', '48', '60 min', 'Connie', '6', '0', '1', NULL, '2025-07-08 07:00:00', '2025-07-08 08:00:00', '1751906856'),
(532, 'BARRE', '248', '117', '60 min', 'Gali', '3', '0', '1', NULL, '2025-07-09 18:30:00', '2025-07-09 19:30:00', '1751907876'),
(533, 'BARRE', '248', '48', '60 min', 'Gali', '3', '0', '1', NULL, '2025-07-09 18:30:00', '2025-07-09 19:30:00', '1751909467'),
(534, 'SCULPT', '394', '33', '50 min', 'Beto', '8', '0', '1', NULL, '2025-07-07 20:10:00', '2025-07-07 21:00:00', '1751915905'),
(537, 'YOGA', '327', '93', '50 min', 'Connie', '6', '0', '1', NULL, '2025-07-08 20:10:00', '2025-07-08 21:00:00', '1751922768'),
(538, 'BARRE', '286', '94', '60 min', 'DanyFer', '5', '0', '1', NULL, '2025-07-07 18:00:00', '2025-07-07 19:00:00', '1751923172'),
(539, 'BARRE', '248', '139', '60 min', 'Gali', '3', '0', '1', NULL, '2025-07-09 18:30:00', '2025-07-09 19:30:00', '1751923563'),
(540, 'BARRE', '286', '141', '60 min', 'DanyFer', '5', '0', '1', NULL, '2025-07-07 18:00:00', '2025-07-07 19:00:00', '1751923631'),
(541, 'BARRE', '286', '145', '60 min', 'DanyFer', '5', '0', '1', NULL, '2025-07-07 18:00:00', '2025-07-07 19:00:00', '1751924067'),
(542, 'BARRE', '290', '153', '50 min', 'DanyFer', '5', '0', '1', NULL, '2025-07-07 19:10:00', '2025-07-07 20:00:00', '1751927244'),
(543, 'PILATES', '314', '153', '50 min', 'Connie', '6', '0', '1', NULL, '2025-07-08 19:10:00', '2025-07-08 20:00:00', '1751927352'),
(544, 'BARRE', '253', '153', '60 min', 'Gali', '3', '0', '1', NULL, '2025-07-09 19:30:00', '2025-07-09 20:30:00', '1751927395'),
(545, 'BARRE', '248', '127', '60 min', 'Gali', '3', '0', '1', NULL, '2025-07-09 18:30:00', '2025-07-09 19:30:00', '1751927692'),
(546, 'PILATES', '305', '127', '50 min', 'Connie', '6', '0', '1', NULL, '2025-07-10 18:10:00', '2025-07-10 19:00:00', '1751927783'),
(547, 'SCULPT', '224', '90', '60 min', 'Beto', '8', '0', '1', NULL, '2025-07-08 08:15:00', '2025-07-08 09:15:00', '1751931430'),
(548, 'SCULPT', '224', '89', '60 min', 'Beto', '8', '0', '1', '1', '2025-07-08 08:15:00', '2025-07-08 09:15:00', '1751932281'),
(549, 'BARRE', '248', '9', '60 min', 'Gali', '3', '0', '1', NULL, '2025-07-09 18:30:00', '2025-07-09 19:30:00', '1751934560'),
(550, 'PILATES', '219', '133', '60 min', 'Connie', '6', '0', '1', NULL, '2025-07-08 07:00:00', '2025-07-08 08:00:00', '1751935887'),
(551, 'BARRE', '290', '91', '50 min', 'DanyFer', '5', '0', '1', NULL, '2025-07-07 19:10:00', '2025-07-07 20:00:00', '1751937185'),
(554, 'PILATES', '219', '101', '60 min', 'Connie', '6', '0', '1', NULL, '2025-07-08 07:00:00', '2025-07-08 08:00:00', '1751941693'),
(555, 'BARRE', '229', '101', '60 min', 'DanyFer', '5', '0', '1', NULL, '2025-07-09 07:00:00', '2025-07-09 08:00:00', '1751941712'),
(556, 'PILATES', '337', '101', '60 min', 'Connie', '6', '0', '1', NULL, '2025-07-10 07:00:00', '2025-07-10 08:00:00', '1751941725'),
(557, 'BARRE', '259', '101', '60 min', 'Katya', '2', '0', '1', NULL, '2025-07-11 07:00:00', '2025-07-11 08:00:00', '1751941740'),
(559, 'BARRE', '363', '78', '1:10 h', 'Gali', '3', '0', '1', NULL, '2025-07-12 07:30:00', '2025-07-12 08:40:00', '1751944112'),
(560, 'BARRE', '379', '78', '60 min', 'Gali', '3', '0', '1', NULL, '2025-07-13 08:30:00', '2025-07-13 09:30:00', '1751944129'),
(561, 'PILATES', '219', '37', '60 min', 'Connie', '6', '0', '1', NULL, '2025-07-08 07:00:00', '2025-07-08 08:00:00', '1751947506'),
(562, 'BARRE', '248', '76', '60 min', 'Gali', '3', '0', '1', NULL, '2025-07-09 18:30:00', '2025-07-09 19:30:00', '1751949569'),
(563, 'PILATES', '219', '94', '60 min', 'Connie', '6', '0', '1', NULL, '2025-07-08 07:00:00', '2025-07-08 08:00:00', '1751952427'),
(564, 'SCULPT', '224', '132', '60 min', 'Beto', '8', '0', '1', NULL, '2025-07-08 08:15:00', '2025-07-08 09:15:00', '1751980295'),
(565, 'PILATES', '314', '64', '50 min', 'Connie', '6', '0', '1', NULL, '2025-07-08 19:10:00', '2025-07-08 20:00:00', '1751982669'),
(566, 'SCULPT', '224', '60', '60 min', 'Beto', '8', '0', '1', NULL, '2025-07-08 08:15:00', '2025-07-08 09:15:00', '1751983033'),
(567, 'BARRE', '229', '122', '60 min', 'DanyFer', '5', '0', '1', NULL, '2025-07-09 07:00:00', '2025-07-09 08:00:00', '1751986552'),
(568, 'BARRE', '359', '102', '50 min', 'Gali', '3', '0', '1', NULL, '2025-07-12 09:40:00', '2025-07-12 10:30:00', '1751986868'),
(569, 'BARRE', '253', '156', '60 min', 'Gali', '3', '0', '1', NULL, '2025-07-09 19:30:00', '2025-07-09 20:30:00', '1751992889'),
(570, 'PILATES', '315', '18', '50 min', 'Connie', '6', '0', '1', NULL, '2025-07-10 19:10:00', '2025-07-10 20:00:00', '1751994778'),
(571, 'BARRE', '234', '157', '60 min', 'DanyFer', '5', '0', '1', NULL, '2025-07-09 08:15:00', '2025-07-09 09:15:00', '1751998056'),
(572, 'BARRE', '359', '2', '50 min', 'Gali', '3', '2', '1', NULL, '2025-07-12 09:40:00', '2025-07-12 10:30:00', '1752003162'),
(573, 'PILATES', '314', '78', '50 min', 'Connie', '6', '0', '1', NULL, '2025-07-08 19:10:00', '2025-07-08 20:00:00', '1752013559'),
(574, 'BARRE', '229', '118', '60 min', 'DanyFer', '5', '0', '1', NULL, '2025-07-09 07:00:00', '2025-07-09 08:00:00', '1752015131'),
(575, 'BARRE', '234', '96', '60 min', 'DanyFer', '5', '0', '1', NULL, '2025-07-09 08:15:00', '2025-07-09 09:15:00', '1752015849'),
(576, 'BARRE', '403', '25', '60 min', 'Mariana', '18', '0', '1', NULL, '2025-07-14 07:00:00', '2025-07-14 08:00:00', '1752027817'),
(577, 'BARRE', '403', '130', '60 min', 'Mariana', '18', '0', '1', NULL, '2025-07-14 07:00:00', '2025-07-14 08:00:00', '1752028039'),
(578, 'BARRE', '229', '133', '60 min', 'DanyFer', '5', '0', '1', NULL, '2025-07-09 07:00:00', '2025-07-09 08:00:00', '1752034423'),
(579, 'BARRE', '234', '70', '60 min', 'DanyFer', '5', '0', '1', NULL, '2025-07-09 08:15:00', '2025-07-09 09:15:00', '1752043973'),
(580, 'BARRE', '229', '145', '60 min', 'DanyFer', '5', '0', '1', NULL, '2025-07-09 07:00:00', '2025-07-09 08:00:00', '1752065074'),
(581, 'BARRE', '383', '111', '60 min', 'Gali', '3', '0', '1', NULL, '2025-07-13 09:30:00', '2025-07-13 10:30:00', '1752070600'),
(583, 'BARRE', '367', '111', '60 min', 'Gali', '3', '0', '1', NULL, '2025-07-12 08:40:00', '2025-07-12 09:40:00', '1752070760'),
(584, 'BARRE', '248', '78', '60 min', 'Gali', '3', '0', '1', NULL, '2025-07-09 18:30:00', '2025-07-09 19:30:00', '1752073637'),
(585, 'SCULPT', '399', '78', '60 min', 'Artemio', '20', '0', '1', NULL, '2025-07-11 18:30:00', '2025-07-11 19:30:00', '1752073694'),
(586, 'PILATES', '337', '133', '60 min', 'Connie', '6', '0', '1', NULL, '2025-07-10 07:00:00', '2025-07-10 08:00:00', '1752090996'),
(588, 'BARRE', '253', '36', '60 min', 'Gali', '3', '0', '1', NULL, '2025-07-09 19:30:00', '2025-07-09 20:30:00', '1752092357'),
(589, 'BARRE', '363', '162', '1:10 h', 'Gali', '3', '0', '1', '1', '2025-07-12 07:30:00', '2025-07-12 08:40:00', '1752108056'),
(590, 'PILATES', '337', '118', '60 min', 'Connie', '6', '0', '1', NULL, '2025-07-10 07:00:00', '2025-07-10 08:00:00', '1752110103'),
(591, 'SCULPT', '395', '48', '50 min', 'Beto', '8', '0', '1', NULL, '2025-07-14 20:10:00', '2025-07-14 21:00:00', '1752115727'),
(592, 'PILATES', '315', '91', '50 min', 'Connie', '6', '0', '1', NULL, '2025-07-10 19:10:00', '2025-07-10 20:00:00', '1752116724'),
(593, 'PILATES', '337', '37', '60 min', 'Connie', '6', '0', '1', NULL, '2025-07-10 07:00:00', '2025-07-10 08:00:00', '1752116887'),
(594, 'SCULPT', '399', '161', '60 min', 'Artemio', '20', '0', '1', NULL, '2025-07-11 18:30:00', '2025-07-11 19:30:00', '1752125135'),
(595, 'SCULPT', '342', '78', '55 min', 'Beto', '8', '0', '1', NULL, '2025-07-10 08:15:00', '2025-07-10 09:10:00', '1752148866'),
(596, 'SCULPT', '342', '64', '55 min', 'Beto', '8', '0', '1', NULL, '2025-07-10 08:15:00', '2025-07-10 09:10:00', '1752154431'),
(597, 'BARRE', '359', '40', '50 min', 'Gali', '3', '0', '1', NULL, '2025-07-12 09:40:00', '2025-07-12 10:30:00', '1752155531'),
(598, 'SCULPT', '342', '60', '55 min', 'Beto', '8', '0', '1', NULL, '2025-07-10 08:15:00', '2025-07-10 09:10:00', '1752156332'),
(599, 'PILATES', '315', '125', '50 min', 'Connie', '6', '0', '1', NULL, '2025-07-10 19:10:00', '2025-07-10 20:00:00', '1752167093'),
(600, 'SCULPT', '399', '111', '60 min', 'Artemio', '20', '0', '1', NULL, '2025-07-11 18:30:00', '2025-07-11 19:30:00', '1752186279'),
(601, 'PILATES', '305', '143', '50 min', 'Connie', '6', '0', '1', NULL, '2025-07-10 18:10:00', '2025-07-10 19:00:00', '1752190274'),
(602, 'BARRE', '363', '143', '1:10 h', 'Gali', '3', '0', '1', NULL, '2025-07-12 07:30:00', '2025-07-12 08:40:00', '1752190298'),
(603, 'PILATES', '315', '23', '50 min', 'Connie', '6', '0', '1', NULL, '2025-07-10 19:10:00', '2025-07-10 20:00:00', '1752191398'),
(607, 'BARRE', '259', '118', '60 min', 'Katya', '2', '0', '1', NULL, '2025-07-11 07:00:00', '2025-07-11 08:00:00', '1752198616'),
(608, 'BARRE', '259', '27', '60 min', 'Katya', '2', '0', '1', NULL, '2025-07-11 07:00:00', '2025-07-11 08:00:00', '1752198861'),
(609, 'BARRE', '363', '27', '1:10 h', 'Gali', '3', '0', '1', NULL, '2025-07-12 07:30:00', '2025-07-12 08:40:00', '1752198968'),
(610, 'BARRE', '403', '27', '60 min', 'Mariana', '18', '0', '1', NULL, '2025-07-14 07:00:00', '2025-07-14 08:00:00', '1752199035'),
(611, 'BARRE', '259', '20', '60 min', 'Katya', '2', '0', '1', NULL, '2025-07-11 07:00:00', '2025-07-11 08:00:00', '1752202956'),
(612, 'BARRE', '403', '147', '60 min', 'Mariana', '18', '0', '1', NULL, '2025-07-14 07:00:00', '2025-07-14 08:00:00', '1752204184'),
(613, 'BARRE', '383', '25', '60 min', 'Gali', '3', '0', '1', NULL, '2025-07-13 09:30:00', '2025-07-13 10:30:00', '1752204628'),
(614, 'BARRE', '404', '25', '60 min', 'Mariana', '18', '0', '1', NULL, '2025-07-21 07:00:00', '2025-07-21 08:00:00', '1752204761'),
(615, 'YOGA', '329', '25', '50 min', 'Connie', '6', '0', '1', NULL, '2025-07-22 20:10:00', '2025-07-22 21:00:00', '1752204781'),
(616, 'BARRE', '231', '25', '60 min', 'DanyFer', '5', '0', '1', NULL, '2025-07-23 07:00:00', '2025-07-23 08:00:00', '1752204817'),
(617, 'BARRE', '359', '33', '50 min', 'Gali', '3', '0', '1', NULL, '2025-07-12 09:40:00', '2025-07-12 10:30:00', '1752205744'),
(618, 'BARRE', '280', '70', '55 min', 'Katya', '2', '0', '1', NULL, '2025-07-11 08:15:00', '2025-07-11 09:10:00', '1752220817'),
(619, 'BARRE', '359', '76', '50 min', 'Gali', '3', '0', '1', NULL, '2025-07-12 09:40:00', '2025-07-12 10:30:00', '1752240095'),
(620, 'BARRE', '280', '60', '55 min', 'Katya', '2', '0', '1', NULL, '2025-07-11 08:15:00', '2025-07-11 09:10:00', '1752242252'),
(621, 'BARRE', '280', '64', '55 min', 'Katya', '2', '0', '1', NULL, '2025-07-11 08:15:00', '2025-07-11 09:10:00', '1752242807'),
(623, 'BARRE', '280', '80', '55 min', 'Katya', '2', '0', '1', NULL, '2025-07-11 08:15:00', '2025-07-11 09:10:00', '1752243290'),
(624, 'BARRE', '280', '132', '55 min', 'Katya', '2', '0', '1', NULL, '2025-07-11 08:15:00', '2025-07-11 09:10:00', '1752243509'),
(625, 'BARRE', '280', '132', '55 min', 'Katya', '2', '0', '1', NULL, '2025-07-11 08:15:00', '2025-07-11 09:10:00', '1752243822'),
(626, 'BARRE', '363', '122', '1:10 h', 'Gali', '3', '0', '1', NULL, '2025-07-12 07:30:00', '2025-07-12 08:40:00', '1752246960'),
(627, 'BARRE', '363', '82', '1:10 h', 'Gali', '3', '0', '1', NULL, '2025-07-12 07:30:00', '2025-07-12 08:40:00', '1752249759'),
(628, 'BARRE', '363', '63', '1:10 h', 'Gali', '3', '0', '1', NULL, '2025-07-12 07:30:00', '2025-07-12 08:40:00', '1752249988'),
(629, 'SCULPT', '400', '164', '60 min', 'Artemio', '20', '0', '1', NULL, '2025-07-18 18:30:00', '2025-07-18 19:30:00', '1752266027'),
(631, 'BARRE', '249', '8', '60 min', 'Gali', '3', '0', '1', NULL, '2025-07-16 18:30:00', '2025-07-16 19:30:00', '1752270789'),
(633, 'BARRE', '379', '8', '60 min', 'Gali', '3', '0', '1', NULL, '2025-07-13 08:30:00', '2025-07-13 09:30:00', '1752271057'),
(635, 'BARRE', '367', '25', '60 min', 'Gali', '3', '0', '1', NULL, '2025-07-12 08:40:00', '2025-07-12 09:40:00', '1752278842'),
(636, 'BARRE', '348', '25', '60 min', 'Mariana', '18', '1', '1', NULL, '2025-07-19 07:30:00', '2025-07-19 08:30:00', '1752279242'),
(637, 'BARRE', '363', '8', '1:10 h', 'Gali', '3', '0', '1', NULL, '2025-07-12 07:30:00', '2025-07-12 08:40:00', '1752280133'),
(638, 'BARRE', '367', '167', '60 min', 'Gali', '3', '0', '1', NULL, '2025-07-12 08:40:00', '2025-07-12 09:40:00', '1752288452'),
(639, 'BARRE', '367', '2', '60 min', 'Gali', '3', '3', '1', NULL, '2025-07-12 08:40:00', '2025-07-12 09:40:00', '1752299111'),
(640, 'BARRE', '379', '118', '60 min', 'Gali', '3', '0', '1', NULL, '2025-07-13 08:30:00', '2025-07-13 09:30:00', '1752299141'),
(641, 'BARRE', '403', '118', '60 min', 'Mariana', '18', '0', '1', NULL, '2025-07-14 07:00:00', '2025-07-14 08:00:00', '1752299275'),
(642, 'PILATES', '220', '118', '60 min', 'Connie', '6', '0', '1', NULL, '2025-07-15 07:00:00', '2025-07-15 08:00:00', '1752299460'),
(643, 'BARRE', '421', '118', '60 min', 'Mariana', '18', '0', '1', NULL, '2025-07-16 07:00:00', '2025-07-16 08:00:00', '1752299505'),
(644, 'PILATES', '338', '118', '60 min', 'Connie', '6', '0', '1', NULL, '2025-07-17 07:00:00', '2025-07-17 08:00:00', '1752299558'),
(645, 'BARRE', '261', '118', '60 min', 'Katya', '2', '0', '1', NULL, '2025-07-18 07:00:00', '2025-07-18 08:00:00', '1752299589'),
(646, 'BARRE', '359', '128', '50 min', 'Gali', '3', '0', '1', NULL, '2025-07-12 09:40:00', '2025-07-12 10:30:00', '1752301824'),
(647, 'BARRE', '249', '127', '60 min', 'Gali', '3', '0', '1', NULL, '2025-07-16 18:30:00', '2025-07-16 19:30:00', '1752323104'),
(648, 'PILATES', '333', '127', '50 min', 'Connie', '6', '0', '1', NULL, '2025-07-17 18:10:00', '2025-07-17 19:00:00', '1752323207'),
(649, 'BARRE', '437', '2', '55 min', 'Mariana', '18', '6', '1', NULL, '2025-07-14 08:15:00', '2025-07-14 09:10:00', '1752327859'),
(650, 'BARRE', '367', '91', '60 min', 'Gali', '3', '0', '1', NULL, '2025-07-12 08:40:00', '2025-07-12 09:40:00', '1752329120'),
(651, 'BARRE', '379', '33', '60 min', 'Gali', '3', '0', '1', NULL, '2025-07-13 08:30:00', '2025-07-13 09:30:00', '1752353519'),
(652, 'BARRE', '379', '2', '60 min', 'Gali', '3', '0', '1', NULL, '2025-07-13 08:30:00', '2025-07-13 09:30:00', '1752365715'),
(653, 'BARRE', '383', '23', '60 min', 'Gali', '3', '0', '1', NULL, '2025-07-13 09:30:00', '2025-07-13 10:30:00', '1752373660'),
(654, 'BARRE', '263', '25', '60 min', 'Katya', '2', '0', '1', NULL, '2025-07-25 07:00:00', '2025-07-25 08:00:00', '1752376975'),
(655, 'BARRE', '379', '112', '60 min', 'Gali', '3', '0', '1', NULL, '2025-07-13 08:30:00', '2025-07-13 09:30:00', '1752379911'),
(657, 'SCULPT', '395', '111', '50 min', 'Beto', '8', '0', '1', NULL, '2025-07-14 20:10:00', '2025-07-14 21:00:00', '1752420491'),
(663, 'BARRE', '249', '111', '60 min', 'Gali', '3', '0', '1', NULL, '2025-07-16 18:30:00', '2025-07-16 19:30:00', '1752420672'),
(664, 'PILATES', '333', '111', '50 min', 'Connie', '6', '0', '1', NULL, '2025-07-17 18:10:00', '2025-07-17 19:00:00', '1752420736'),
(668, 'BARRE', '437', '90', '55 min', 'Mariana', '18', '0', '1', NULL, '2025-07-14 08:15:00', '2025-07-14 09:10:00', '1752448766'),
(669, 'BARRE', '437', '96', '55 min', 'Mariana', '18', '0', '1', NULL, '2025-07-14 08:15:00', '2025-07-14 09:10:00', '1752451420'),
(672, 'SCULPT', '395', '117', '50 min', 'Beto', '8', '0', '1', NULL, '2025-07-14 20:10:00', '2025-07-14 21:00:00', '1752457350'),
(673, 'SCULPT', '395', '123', '50 min', 'Beto', '8', '0', '1', NULL, '2025-07-14 20:10:00', '2025-07-14 21:00:00', '1752457441'),
(674, 'BARRE', '254', '123', '60 min', 'Gali', '3', '0', '1', NULL, '2025-07-16 19:30:00', '2025-07-16 20:30:00', '1752457487'),
(675, 'BARRE', '403', '101', '60 min', 'Mariana', '18', '0', '1', NULL, '2025-07-14 07:00:00', '2025-07-14 08:00:00', '1752458911'),
(676, 'PILATES', '220', '101', '60 min', 'Connie', '6', '0', '1', NULL, '2025-07-15 07:00:00', '2025-07-15 08:00:00', '1752458945'),
(677, 'BARRE', '421', '101', '60 min', 'Mariana', '18', '0', '1', NULL, '2025-07-16 07:00:00', '2025-07-16 08:00:00', '1752458957'),
(678, 'PILATES', '338', '101', '60 min', 'Connie', '6', '0', '1', NULL, '2025-07-17 07:00:00', '2025-07-17 08:00:00', '1752458970'),
(679, 'BARRE', '261', '101', '60 min', 'Katya', '2', '0', '1', NULL, '2025-07-18 07:00:00', '2025-07-18 08:00:00', '1752459000'),
(680, 'BARRE', '403', '2', '60 min', 'Mariana', '18', '0', '1', NULL, '2025-07-14 07:00:00', '2025-07-14 08:00:00', '1752460958'),
(681, 'SCULPT', '225', '27', '60 min', 'Beto', '8', '0', '1', NULL, '2025-07-15 08:15:00', '2025-07-15 09:15:00', '1752463672'),
(682, 'BARRE', '416', '27', '55 min', 'Mariana', '18', '0', '1', NULL, '2025-07-16 08:15:00', '2025-07-16 09:10:00', '1752463706'),
(683, 'SCULPT', '343', '27', '55 min', 'Beto', '8', '0', '1', NULL, '2025-07-17 08:15:00', '2025-07-17 09:10:00', '1752463740'),
(684, 'YOGA', '328', '93', '50 min', 'Connie', '6', '0', '1', NULL, '2025-07-15 20:10:00', '2025-07-15 21:00:00', '1752464215'),
(686, 'BARRE', '437', '105', '55 min', 'Mariana', '18', '0', '1', NULL, '2025-07-14 08:15:00', '2025-07-14 09:10:00', '1752464489'),
(687, 'PILATES', '220', '48', '60 min', 'Connie', '6', '0', '1', NULL, '2025-07-15 07:00:00', '2025-07-15 08:00:00', '1752464490'),
(688, 'BARRE', '254', '48', '60 min', 'Gali', '3', '0', '1', NULL, '2025-07-16 19:30:00', '2025-07-16 20:30:00', '1752464514'),
(689, 'PILATES', '338', '48', '60 min', 'Connie', '6', '0', '1', NULL, '2025-07-17 07:00:00', '2025-07-17 08:00:00', '1752464533'),
(690, 'BARRE', '261', '48', '60 min', 'Katya', '2', '0', '1', NULL, '2025-07-18 07:00:00', '2025-07-18 08:00:00', '1752464550'),
(691, 'BARRE', '403', '20', '60 min', 'Mariana', '18', '0', '1', NULL, '2025-07-14 07:00:00', '2025-07-14 08:00:00', '1752464662'),
(692, 'PILATES', '220', '20', '60 min', 'Connie', '6', '0', '1', NULL, '2025-07-15 07:00:00', '2025-07-15 08:00:00', '1752464709'),
(693, 'YOGA', '270', '170', '60 min', 'María', '10', '0', '1', NULL, '2025-07-14 09:30:00', '2025-07-14 10:30:00', '1752464709'),
(694, 'PILATES', '338', '20', '60 min', 'Connie', '6', '0', '1', NULL, '2025-07-17 07:00:00', '2025-07-17 08:00:00', '1752464777'),
(695, 'BARRE', '261', '20', '60 min', 'Katya', '2', '0', '1', NULL, '2025-07-18 07:00:00', '2025-07-18 08:00:00', '1752464842'),
(696, 'SCULPT', '225', '89', '60 min', 'Beto', '8', '0', '1', NULL, '2025-07-15 08:15:00', '2025-07-15 09:15:00', '1752465331'),
(697, 'SCULPT', '225', '147', '60 min', 'Beto', '8', '0', '1', NULL, '2025-07-15 08:15:00', '2025-07-15 09:15:00', '1752470149'),
(698, 'BARRE', '416', '147', '55 min', 'Mariana', '18', '0', '1', NULL, '2025-07-16 08:15:00', '2025-07-16 09:10:00', '1752470197'),
(699, 'BARRE', '438', '147', '55 min', 'Mariana', '18', '0', '1', NULL, '2025-07-21 08:15:00', '2025-07-21 09:10:00', '1752470352'),
(700, 'BARRE', '236', '147', '60 min', 'DanyFer', '5', '0', '1', NULL, '2025-07-23 08:15:00', '2025-07-23 09:15:00', '1752470390'),
(701, 'YOGA', '240', '147', '60 min', 'María', '10', '0', '1', NULL, '2025-07-16 09:30:00', '2025-07-16 10:30:00', '1752470491'),
(702, 'BARRE', '421', '130', '60 min', 'Mariana', '18', '0', '1', NULL, '2025-07-16 07:00:00', '2025-07-16 08:00:00', '1752474464'),
(703, 'BARRE', '404', '130', '60 min', 'Mariana', '18', '0', '1', NULL, '2025-07-21 07:00:00', '2025-07-21 08:00:00', '1752474518'),
(704, 'BARRE', '231', '130', '60 min', 'DanyFer', '5', '0', '1', NULL, '2025-07-23 07:00:00', '2025-07-23 08:00:00', '1752474558'),
(705, 'BARRE', '405', '130', '60 min', 'Mariana', '18', '0', '1', NULL, '2025-07-28 07:00:00', '2025-07-28 08:00:00', '1752474643'),
(706, 'BARRE', '405', '25', '60 min', 'Mariana', '18', '0', '1', NULL, '2025-07-28 07:00:00', '2025-07-28 08:00:00', '1752497970'),
(707, 'BARRE', '429', '102', '50 min', 'Valeria', '21', '0', '1', NULL, '2025-07-14 19:10:00', '2025-07-14 20:00:00', '1752502176'),
(708, 'PILATES', '316', '102', '50 min', 'Connie', '6', '0', '1', NULL, '2025-07-15 19:10:00', '2025-07-15 20:00:00', '1752502195'),
(710, 'BARRE', '254', '102', '60 min', 'Gali', '3', '0', '1', NULL, '2025-07-16 19:30:00', '2025-07-16 20:30:00', '1752502208'),
(711, 'PILATES', '317', '102', '50 min', 'Connie', '6', '0', '1', NULL, '2025-07-17 19:10:00', '2025-07-17 20:00:00', '1752502398'),
(712, 'BARRE', '356', '102', '50 min', 'Mariana', '18', '0', '1', NULL, '2025-07-19 09:40:00', '2025-07-19 10:30:00', '1752502436'),
(713, 'SCULPT', '395', '60', '50 min', 'Beto', '8', '0', '1', NULL, '2025-07-14 20:10:00', '2025-07-14 21:00:00', '1752506334'),
(714, 'BARRE', '254', '171', '60 min', 'Gali', '3', '0', '1', NULL, '2025-07-16 19:30:00', '2025-07-16 20:30:00', '1752506423'),
(715, 'BARRE', '352', '171', '50 min', 'Mariana', '18', '0', '1', NULL, '2025-07-19 08:40:00', '2025-07-19 09:30:00', '1752506456'),
(716, 'BARRE', '254', '21', '60 min', 'Gali', '3', '0', '1', NULL, '2025-07-16 19:30:00', '2025-07-16 20:30:00', '1752506948'),
(717, 'SCULPT', '400', '21', '60 min', 'Artemio', '20', '0', '1', NULL, '2025-07-18 18:30:00', '2025-07-18 19:30:00', '1752506979'),
(718, 'YOGA', '270', '145', '60 min', 'María', '10', '0', '1', NULL, '2025-07-14 09:30:00', '2025-07-14 10:30:00', '1752507532'),
(719, 'SCULPT', '395', '2', '50 min', 'Beto', '8', '0', '1', NULL, '2025-07-14 20:10:00', '2025-07-14 21:00:00', '1752507862'),
(720, 'PILATES', '316', '122', '50 min', 'Connie', '6', '0', '1', NULL, '2025-07-15 19:10:00', '2025-07-15 20:00:00', '1752508230'),
(721, 'BARRE', '421', '122', '60 min', 'Mariana', '18', '0', '1', NULL, '2025-07-16 07:00:00', '2025-07-16 08:00:00', '1752508245'),
(722, 'PILATES', '317', '122', '50 min', 'Connie', '6', '0', '1', NULL, '2025-07-17 19:10:00', '2025-07-17 20:00:00', '1752508266'),
(723, 'BARRE', '348', '122', '60 min', 'Mariana', '18', '0', '1', NULL, '2025-07-19 07:30:00', '2025-07-19 08:30:00', '1752508299'),
(725, 'BARRE', '261', '147', '60 min', 'Katya', '2', '0', '1', NULL, '2025-07-18 07:00:00', '2025-07-18 08:00:00', '1752515079'),
(726, 'BARRE', '425', '40', '50 min', 'Valeria', '21', '0', '1', NULL, '2025-07-14 18:10:00', '2025-07-14 19:00:00', '1752515578'),
(727, 'BARRE', '249', '40', '60 min', 'Gali', '3', '0', '1', NULL, '2025-07-16 18:30:00', '2025-07-16 19:30:00', '1752515610'),
(728, 'BARRE', '425', '2', '50 min', 'Valeria', '21', '1', '1', NULL, '2025-07-14 18:10:00', '2025-07-14 19:00:00', '1752515784'),
(729, 'BARRE', '249', '2', '60 min', 'Gali', '3', '0', '1', NULL, '2025-07-16 18:30:00', '2025-07-16 19:30:00', '1752515894'),
(730, 'BARRE', '348', '147', '60 min', 'Mariana', '18', '0', '1', NULL, '2025-07-19 07:30:00', '2025-07-19 08:30:00', '1752515997'),
(731, 'BARRE', '249', '59', '60 min', 'Gali', '3', '0', '1', NULL, '2025-07-16 18:30:00', '2025-07-16 19:30:00', '1752516142'),
(732, 'BARRE', '263', '147', '60 min', 'Katya', '2', '0', '1', NULL, '2025-07-25 07:00:00', '2025-07-25 08:00:00', '1752516194'),
(733, 'BARRE', '429', '91', '50 min', 'Valeria', '21', '0', '1', NULL, '2025-07-14 19:10:00', '2025-07-14 20:00:00', '1752516305'),
(734, 'BARRE', '429', '156', '50 min', 'Valeria', '21', '0', '1', NULL, '2025-07-14 19:10:00', '2025-07-14 20:00:00', '1752518645'),
(735, 'BARRE', '429', '65', '50 min', 'Valeria', '21', '0', '1', NULL, '2025-07-14 19:10:00', '2025-07-14 20:00:00', '1752520801'),
(736, 'BARRE', '429', '153', '50 min', 'Valeria', '21', '0', '1', NULL, '2025-07-14 19:10:00', '2025-07-14 20:00:00', '1752522564'),
(737, 'PILATES', '316', '153', '50 min', 'Connie', '6', '0', '1', NULL, '2025-07-15 19:10:00', '2025-07-15 20:00:00', '1752522658'),
(738, 'BARRE', '254', '153', '60 min', 'Gali', '3', '0', '1', NULL, '2025-07-16 19:30:00', '2025-07-16 20:30:00', '1752522691'),
(739, 'PILATES', '317', '153', '50 min', 'Connie', '6', '0', '1', NULL, '2025-07-17 19:10:00', '2025-07-17 20:00:00', '1752522955'),
(742, 'BARRE', '249', '56', '60 min', 'Gali', '3', '0', '1', NULL, '2025-07-16 18:30:00', '2025-07-16 19:30:00', '1752527307'),
(743, 'BARRE', '348', '56', '60 min', 'Mariana', '18', '0', '1', NULL, '2025-07-19 07:30:00', '2025-07-19 08:30:00', '1752527361'),
(744, 'BARRE', '429', '107', '50 min', 'Valeria', '21', '0', '1', NULL, '2025-07-14 19:10:00', '2025-07-14 20:00:00', '1752530063'),
(745, 'BARRE', '429', '2', '50 min', 'Valeria', '21', '0', '1', NULL, '2025-07-14 19:10:00', '2025-07-14 20:00:00', '1752532224'),
(746, 'BARRE', '425', '56', '50 min', 'Valeria', '21', '0', '1', NULL, '2025-07-14 18:10:00', '2025-07-14 19:00:00', '1752533653'),
(747, 'BARRE', '425', '88', '50 min', 'Valeria', '21', '0', '1', NULL, '2025-07-14 18:10:00', '2025-07-14 19:00:00', '1752533918'),
(748, 'PILATES', '220', '9', '60 min', 'Connie', '6', '0', '1', NULL, '2025-07-15 07:00:00', '2025-07-15 08:00:00', '1752538472'),
(749, 'PILATES', '220', '9', '60 min', 'Connie', '6', '0', '1', NULL, '2025-07-15 07:00:00', '2025-07-15 08:00:00', '1752538497'),
(750, 'PILATES', '220', '9', '60 min', 'Connie', '6', '0', '1', NULL, '2025-07-15 07:00:00', '2025-07-15 08:00:00', '1752538765'),
(751, 'PILATES', '220', '9', '60 min', 'Connie', '6', '0', '1', NULL, '2025-07-15 07:00:00', '2025-07-15 08:00:00', '1752538934'),
(752, 'PILATES', '338', '9', '60 min', 'Connie', '6', '0', '1', NULL, '2025-07-17 07:00:00', '2025-07-17 08:00:00', '1752539051'),
(753, 'PILATES', '338', '9', '60 min', 'Connie', '6', '0', '1', NULL, '2025-07-17 07:00:00', '2025-07-17 08:00:00', '1752539066'),
(754, 'PILATES', '338', '9', '60 min', 'Connie', '6', '0', '1', NULL, '2025-07-17 07:00:00', '2025-07-17 08:00:00', '1752539138'),
(755, 'SCULPT', '400', '33', '60 min', 'Artemio', '20', '0', '1', NULL, '2025-07-18 18:30:00', '2025-07-18 19:30:00', '1752539730'),
(757, 'BARRE', '416', '96', '55 min', 'Mariana', '18', '0', '1', NULL, '2025-07-16 08:15:00', '2025-07-16 09:10:00', '1752543849'),
(758, 'SCULPT', '395', '133', '50 min', 'Beto', '8', '0', '1', NULL, '2025-07-14 20:10:00', '2025-07-14 21:00:00', '1752544394'),
(759, 'BARRE', '254', '109', '60 min', 'Gali', '3', '0', '1', NULL, '2025-07-16 19:30:00', '2025-07-16 20:30:00', '1752546482'),
(760, 'PILATES', '316', '37', '50 min', 'Connie', '6', '0', '1', NULL, '2025-07-15 19:10:00', '2025-07-15 20:00:00', '1752546750'),
(764, 'SCULPT', '225', '145', '60 min', 'Beto', '8', '0', '1', NULL, '2025-07-15 08:15:00', '2025-07-15 09:15:00', '1752550401'),
(765, 'PILATES', '316', '65', '50 min', 'Connie', '6', '0', '1', NULL, '2025-07-15 19:10:00', '2025-07-15 20:00:00', '1752551086'),
(766, 'PILATES', '306', '111', '50 min', 'Connie', '6', '0', '1', NULL, '2025-07-15 18:10:00', '2025-07-15 19:00:00', '1752551424'),
(767, 'BARRE', '261', '27', '60 min', 'Katya', '2', '0', '1', NULL, '2025-07-18 07:00:00', '2025-07-18 08:00:00', '1752558190'),
(768, 'SCULPT', '225', '60', '60 min', 'Beto', '8', '0', '1', NULL, '2025-07-15 08:15:00', '2025-07-15 09:15:00', '1752566788'),
(769, 'BARRE', '254', '65', '60 min', 'Gali', '3', '0', '1', NULL, '2025-07-16 19:30:00', '2025-07-16 20:30:00', '1752582594'),
(770, 'PILATES', '316', '48', '50 min', 'Connie', '6', '0', '1', NULL, '2025-07-15 19:10:00', '2025-07-15 20:00:00', '1752586915'),
(771, 'PILATES', '316', '128', '50 min', 'Connie', '6', '0', '1', NULL, '2025-07-15 19:10:00', '2025-07-15 20:00:00', '1752589064'),
(772, 'YOGA', '328', '44', '50 min', 'Connie', '6', '0', '1', NULL, '2025-07-15 20:10:00', '2025-07-15 21:00:00', '1752589322'),
(774, 'BARRE', '254', '2', '60 min', 'Gali', '3', '0', '1', NULL, '2025-07-16 19:30:00', '2025-07-16 20:30:00', '1752596535'),
(776, 'BARRE', '249', '117', '60 min', 'Gali', '3', '0', '1', NULL, '2025-07-16 18:30:00', '2025-07-16 19:30:00', '1752607796'),
(777, 'BARRE', '254', '110', '60 min', 'Gali', '3', '0', '1', NULL, '2025-07-16 19:30:00', '2025-07-16 20:30:00', '1752608978'),
(778, 'YOGA', '240', '163', '60 min', 'María', '10', '0', '1', NULL, '2025-07-16 09:30:00', '2025-07-16 10:30:00', '1752609115'),
(780, 'BARRE', '348', '44', '60 min', 'Mariana', '18', '0', '1', NULL, '2025-07-19 07:30:00', '2025-07-19 08:30:00', '1752615364'),
(781, 'BARRE', '254', '156', '60 min', 'Gali', '3', '0', '1', NULL, '2025-07-16 19:30:00', '2025-07-16 20:30:00', '1752618580'),
(782, 'BARRE', '249', '143', '60 min', 'Gali', '3', '0', '1', NULL, '2025-07-16 18:30:00', '2025-07-16 19:30:00', '1752623938'),
(783, 'SCULPT', '400', '143', '60 min', 'Artemio', '20', '0', '1', NULL, '2025-07-18 18:30:00', '2025-07-18 19:30:00', '1752624001'),
(784, 'PILATES', '316', '23', '50 min', 'Connie', '6', '0', '1', NULL, '2025-07-15 19:10:00', '2025-07-15 20:00:00', '1752624007'),
(785, 'BARRE', '249', '139', '60 min', 'Gali', '3', '0', '1', NULL, '2025-07-16 18:30:00', '2025-07-16 19:30:00', '1752625594'),
(786, 'BARRE', '261', '9', '60 min', 'Katya', '2', '0', '1', NULL, '2025-07-18 07:00:00', '2025-07-18 08:00:00', '1752627291'),
(787, 'BARRE', '416', '64', '55 min', 'Mariana', '18', '0', '1', NULL, '2025-07-16 08:15:00', '2025-07-16 09:10:00', '1752674007'),
(788, 'SCULPT', '343', '64', '55 min', 'Beto', '8', '0', '1', NULL, '2025-07-17 08:15:00', '2025-07-17 09:10:00', '1752674036'),
(789, 'BARRE', '249', '76', '60 min', 'Gali', '3', '0', '1', NULL, '2025-07-16 18:30:00', '2025-07-16 19:30:00', '1752674535'),
(790, 'BARRE', '352', '2', '50 min', 'Mariana', '18', '5', '1', NULL, '2025-07-19 08:40:00', '2025-07-19 09:30:00', '1752677066'),
(791, 'PILATES', '338', '37', '60 min', 'Connie', '6', '0', '1', NULL, '2025-07-17 07:00:00', '2025-07-17 08:00:00', '1752681294'),
(794, 'BARRE', '352', '118', '50 min', 'Mariana', '18', '0', '1', NULL, '2025-07-19 08:40:00', '2025-07-19 09:30:00', '1752682302'),
(795, 'BARRE', '352', '59', '50 min', 'Mariana', '18', '0', '1', NULL, '2025-07-19 08:40:00', '2025-07-19 09:30:00', '1752684161'),
(797, 'SCULPT', '343', '157', '55 min', 'Beto', '8', '0', '1', NULL, '2025-07-17 08:15:00', '2025-07-17 09:10:00', '1752699576'),
(798, 'PILATES', '317', '172', '50 min', 'Connie', '6', '0', '1', NULL, '2025-07-17 19:10:00', '2025-07-17 20:00:00', '1752700261'),
(800, 'PILATES', '338', '22', '60 min', 'Connie', '6', '0', '1', NULL, '2025-07-17 07:00:00', '2025-07-17 08:00:00', '1752707378'),
(801, 'BARRE', '261', '22', '60 min', 'Katya', '2', '0', '1', NULL, '2025-07-18 07:00:00', '2025-07-18 08:00:00', '1752707429'),
(802, 'BARRE', '348', '22', '60 min', 'Mariana', '18', '0', '1', NULL, '2025-07-19 07:30:00', '2025-07-19 08:30:00', '1752707451'),
(803, 'PILATES', '338', '163', '60 min', 'Connie', '6', '0', '1', NULL, '2025-07-17 07:00:00', '2025-07-17 08:00:00', '1752711244'),
(804, 'PILATES', '338', '133', '60 min', 'Connie', '6', '0', '1', NULL, '2025-07-17 07:00:00', '2025-07-17 08:00:00', '1752714953'),
(805, 'PILATES', '333', '96', '50 min', 'Connie', '6', '0', '1', NULL, '2025-07-17 18:10:00', '2025-07-17 19:00:00', '1752724088'),
(808, 'PILATES', '338', '44', '60 min', 'Connie', '6', '0', '1', NULL, '2025-07-17 07:00:00', '2025-07-17 08:00:00', '1752725430'),
(812, 'BARRE', '261', '4', '60 min', 'Katya', '2', '0', '1', NULL, '2025-07-18 07:00:00', '2025-07-18 08:00:00', '1752725561'),
(813, 'SCULPT', '343', '60', '55 min', 'Beto', '8', '0', '1', NULL, '2025-07-17 08:15:00', '2025-07-17 09:10:00', '1752726727'),
(814, 'SCULPT', '400', '60', '60 min', 'Artemio', '20', '0', '1', NULL, '2025-07-18 18:30:00', '2025-07-18 19:30:00', '1752726763'),
(817, 'PILATES', '317', '65', '50 min', 'Connie', '6', '0', '1', NULL, '2025-07-17 19:10:00', '2025-07-17 20:00:00', '1752760004'),
(818, 'SCULPT', '400', '2', '60 min', 'Artemio', '20', '0', '1', NULL, '2025-07-18 18:30:00', '2025-07-18 19:30:00', '1752760594'),
(820, 'BARRE', '261', '64', '60 min', 'Katya', '2', '0', '1', NULL, '2025-07-18 07:00:00', '2025-07-18 08:00:00', '1752761718'),
(821, 'PILATES', '317', '21', '50 min', 'Connie', '6', '0', '1', NULL, '2025-07-17 19:10:00', '2025-07-17 20:00:00', '1752766597'),
(822, 'BARRE', '430', '109', '50 min', 'Valeria', '21', '0', '1', NULL, '2025-07-21 19:10:00', '2025-07-21 20:00:00', '1752790732'),
(824, 'BARRE', '255', '109', '60 min', 'Gali', '3', '0', '1', NULL, '2025-07-23 19:30:00', '2025-07-23 20:30:00', '1752791037'),
(825, 'BARRE', '356', '175', '50 min', 'Mariana', '18', '0', '1', NULL, '2025-07-19 09:40:00', '2025-07-19 10:30:00', '1752796808'),
(826, 'BARRE', '282', '60', '55 min', 'Katya', '2', '0', '1', NULL, '2025-07-18 08:15:00', '2025-07-18 09:10:00', '1752798958'),
(827, 'BARRE', '282', '96', '55 min', 'Katya', '2', '0', '1', NULL, '2025-07-18 08:15:00', '2025-07-18 09:10:00', '1752802255'),
(828, 'BARRE', '282', '111', '55 min', 'Katya', '2', '0', '1', NULL, '2025-07-18 08:15:00', '2025-07-18 09:10:00', '1752802544'),
(829, 'SCULPT', '396', '111', '50 min', 'Beto', '8', '0', '1', NULL, '2025-07-21 20:10:00', '2025-07-21 21:00:00', '1752802615'),
(831, 'YOGA', '329', '111', '50 min', 'Connie', '6', '0', '1', NULL, '2025-07-22 20:10:00', '2025-07-22 21:00:00', '1752802649'),
(832, 'BARRE', '250', '111', '60 min', 'Gali', '3', '0', '1', NULL, '2025-07-23 18:30:00', '2025-07-23 19:30:00', '1752802693'),
(833, 'PILATES', '334', '111', '50 min', 'Connie', '6', '0', '1', NULL, '2025-07-24 18:10:00', '2025-07-24 19:00:00', '1752802721'),
(835, 'PILATES', '317', '109', '50 min', 'Connie', '6', '0', '1', NULL, '2025-07-17 19:10:00', '2025-07-17 20:00:00', '1752804398'),
(836, 'BARRE', '438', '27', '55 min', 'Mariana', '18', '0', '1', NULL, '2025-07-21 08:15:00', '2025-07-21 09:10:00', '1752804488'),
(837, 'BARRE', '430', '172', '50 min', 'Valeria', '21', '0', '1', NULL, '2025-07-21 19:10:00', '2025-07-21 20:00:00', '1752806069'),
(838, 'BARRE', '255', '172', '60 min', 'Gali', '3', '0', '1', NULL, '2025-07-23 19:30:00', '2025-07-23 20:30:00', '1752806104'),
(839, 'BARRE', '250', '59', '60 min', 'Gali', '3', '0', '1', NULL, '2025-07-23 18:30:00', '2025-07-23 19:30:00', '1752816557'),
(840, 'BARRE', '348', '167', '60 min', 'Mariana', '18', '0', '1', NULL, '2025-07-19 07:30:00', '2025-07-19 08:30:00', '1752844641'),
(841, 'SCULPT', '400', '48', '60 min', 'Artemio', '20', '0', '1', NULL, '2025-07-18 18:30:00', '2025-07-18 19:30:00', '1752853025'),
(842, 'BARRE', '356', '40', '50 min', 'Mariana', '18', '0', '1', NULL, '2025-07-19 09:40:00', '2025-07-19 10:30:00', '1752859863'),
(843, 'BARRE', '352', '141', '50 min', 'Mariana', '18', '0', '1', NULL, '2025-07-19 08:40:00', '2025-07-19 09:30:00', '1752860841'),
(844, 'BARRE', '348', '2', '60 min', 'Mariana', '18', '0', '1', NULL, '2025-07-19 07:30:00', '2025-07-19 08:30:00', '1752861209'),
(845, 'BARRE', '348', '76', '60 min', 'Mariana', '18', '0', '1', NULL, '2025-07-19 07:30:00', '2025-07-19 08:30:00', '1752865967'),
(849, 'BARRE', '352', '48', '50 min', 'Mariana', '18', '0', '1', NULL, '2025-07-19 08:40:00', '2025-07-19 09:30:00', '1752888856'),
(850, 'BARRE', '372', '2', '60 min', 'Ananda', '17', '1', '1', NULL, '2025-07-20 08:30:00', '2025-07-20 09:30:00', '1752897717'),
(851, 'BARRE', '255', '28', '60 min', 'Gali', '3', '0', '1', NULL, '2025-07-23 19:30:00', '2025-07-23 20:30:00', '1752899494'),
(852, 'BARRE', '349', '28', '60 min', 'Mariana', '18', '0', '1', NULL, '2025-07-26 07:30:00', '2025-07-26 08:30:00', '1752899537'),
(853, 'BARRE', '348', '64', '60 min', 'Mariana', '18', '0', '1', NULL, '2025-07-19 07:30:00', '2025-07-19 08:30:00', '1752900034'),
(854, 'SCULPT', '226', '27', '60 min', 'Beto', '8', '0', '1', NULL, '2025-07-22 08:15:00', '2025-07-22 09:15:00', '1752902369'),
(855, 'BARRE', '356', '128', '50 min', 'Mariana', '18', '0', '1', NULL, '2025-07-19 09:40:00', '2025-07-19 10:30:00', '1752910194'),
(856, 'SCULPT', '396', '180', '50 min', 'Beto', '8', '0', '1', NULL, '2025-07-21 20:10:00', '2025-07-21 21:00:00', '1752944136'),
(857, 'BARRE', '376', '102', '60 min', 'Ananda', '17', '0', '1', NULL, '2025-07-20 09:30:00', '2025-07-20 10:30:00', '1752950970'),
(858, 'BARRE', '372', '60', '60 min', 'Ananda', '17', '0', '1', NULL, '2025-07-20 08:30:00', '2025-07-20 09:30:00', '1752958921'),
(859, 'BARRE', '372', '33', '60 min', 'Ananda', '17', '0', '1', NULL, '2025-07-20 08:30:00', '2025-07-20 09:30:00', '1752971494'),
(860, 'SCULPT', '396', '65', '50 min', 'Beto', '8', '0', '1', NULL, '2025-07-21 20:10:00', '2025-07-21 21:00:00', '1752972639'),
(861, 'BARRE', '376', '48', '60 min', 'Ananda', '17', '0', '1', NULL, '2025-07-20 09:30:00', '2025-07-20 10:30:00', '1752978872'),
(862, 'BARRE', '372', '181', '60 min', 'Ananda', '17', '0', '1', NULL, '2025-07-20 08:30:00', '2025-07-20 09:30:00', '1752979214'),
(863, 'BARRE', '426', '102', '50 min', 'Valeria', '21', '0', '1', NULL, '2025-07-21 18:10:00', '2025-07-21 19:00:00', '1753022763'),
(864, 'BARRE', '404', '118', '60 min', 'Mariana', '18', '0', '1', NULL, '2025-07-21 07:00:00', '2025-07-21 08:00:00', '1753033898'),
(865, 'SCULPT', '226', '147', '60 min', 'Beto', '8', '0', '1', NULL, '2025-07-22 08:15:00', '2025-07-22 09:15:00', '1753046720'),
(866, 'BARRE', '413', '147', '55 min', 'Mariana', '18', '0', '1', NULL, '2025-07-28 08:15:00', '2025-07-28 09:10:00', '1753046806'),
(867, 'BARRE', '430', '125', '50 min', 'Valeria', '21', '0', '1', NULL, '2025-07-21 19:10:00', '2025-07-21 20:00:00', '1753050115'),
(868, 'PILATES', '318', '125', '50 min', 'Connie', '6', '0', '1', NULL, '2025-07-22 19:10:00', '2025-07-22 20:00:00', '1753050361'),
(869, 'BARRE', '426', '122', '50 min', 'Valeria', '21', '0', '1', NULL, '2025-07-21 18:10:00', '2025-07-21 19:00:00', '1753051284'),
(873, 'SCULPT', '396', '90', '50 min', 'Beto', '8', '0', '1', NULL, '2025-07-21 20:10:00', '2025-07-21 21:00:00', '1753056705'),
(874, 'BARRE', '426', '178', '50 min', 'Valeria', '21', '0', '1', NULL, '2025-07-21 18:10:00', '2025-07-21 19:00:00', '1753057503'),
(876, 'SCULPT', '401', '183', '60 min', 'Artemio', '20', '0', '1', NULL, '2025-07-25 18:30:00', '2025-07-25 19:30:00', '1753057946'),
(879, 'SCULPT', '396', '123', '50 min', 'Beto', '8', '0', '1', NULL, '2025-07-21 20:10:00', '2025-07-21 21:00:00', '1753061999'),
(880, 'PILATES', '318', '102', '50 min', 'Connie', '6', '0', '1', NULL, '2025-07-22 19:10:00', '2025-07-22 20:00:00', '1753066069'),
(881, 'BARRE', '255', '102', '60 min', 'Gali', '3', '0', '1', NULL, '2025-07-23 19:30:00', '2025-07-23 20:30:00', '1753066088'),
(882, 'BARRE', '426', '22', '50 min', 'Valeria', '21', '0', '1', NULL, '2025-07-21 18:10:00', '2025-07-21 19:00:00', '1753067080'),
(883, 'PILATES', '221', '22', '60 min', 'Connie', '6', '0', '1', NULL, '2025-07-22 07:00:00', '2025-07-22 08:00:00', '1753067099'),
(884, 'BARRE', '231', '22', '60 min', 'DanyFer', '5', '0', '1', NULL, '2025-07-23 07:00:00', '2025-07-23 08:00:00', '1753067118'),
(885, 'BARRE', '430', '107', '50 min', 'Valeria', '21', '0', '1', NULL, '2025-07-21 19:10:00', '2025-07-21 20:00:00', '1753068318'),
(886, 'BARRE', '250', '8', '60 min', 'Gali', '3', '0', '1', NULL, '2025-07-23 18:30:00', '2025-07-23 19:30:00', '1753068777'),
(887, 'BARRE', '236', '27', '60 min', 'DanyFer', '5', '0', '1', NULL, '2025-07-23 08:15:00', '2025-07-23 09:15:00', '1753073499'),
(888, 'SCULPT', '344', '27', '55 min', 'Beto', '8', '0', '1', NULL, '2025-07-24 08:15:00', '2025-07-24 09:10:00', '1753073519'),
(889, 'BARRE', '250', '76', '60 min', 'Gali', '3', '0', '1', NULL, '2025-07-23 18:30:00', '2025-07-23 19:30:00', '1753076999'),
(890, 'BARRE', '438', '60', '55 min', 'Mariana', '18', '0', '1', NULL, '2025-07-21 08:15:00', '2025-07-21 09:10:00', '1753107452'),
(891, 'SCULPT', '396', '2', '50 min', 'Beto', '8', '0', '1', NULL, '2025-07-21 20:10:00', '2025-07-21 21:00:00', '1753110350'),
(894, 'BARRE', '250', '2', '60 min', 'Gali', '3', '2', '1', NULL, '2025-07-23 18:30:00', '2025-07-23 19:30:00', '1753110541'),
(895, 'SCULPT', '226', '96', '60 min', 'Beto', '8', '0', '1', NULL, '2025-07-22 08:15:00', '2025-07-22 09:15:00', '1753110775'),
(896, 'BARRE', '426', '40', '50 min', 'Valeria', '21', '0', '1', NULL, '2025-07-21 18:10:00', '2025-07-21 19:00:00', '1753114065'),
(897, 'BARRE', '250', '40', '60 min', 'Gali', '3', '0', '1', NULL, '2025-07-23 18:30:00', '2025-07-23 19:30:00', '1753114087'),
(898, 'BARRE', '426', '2', '50 min', 'Valeria', '21', '0', '1', NULL, '2025-07-21 18:10:00', '2025-07-21 19:00:00', '1753114233'),
(899, 'BARRE', '430', '59', '50 min', 'Valeria', '21', '0', '1', NULL, '2025-07-21 19:10:00', '2025-07-21 20:00:00', '1753115686'),
(900, 'BARRE', '426', '56', '50 min', 'Valeria', '21', '0', '1', NULL, '2025-07-21 18:10:00', '2025-07-21 19:00:00', '1753119460'),
(901, 'BARRE', '250', '56', '60 min', 'Gali', '3', '0', '1', NULL, '2025-07-23 18:30:00', '2025-07-23 19:30:00', '1753119491'),
(902, 'BARRE', '426', '105', '50 min', 'Valeria', '21', '0', '1', NULL, '2025-07-21 18:10:00', '2025-07-21 19:00:00', '1753134774'),
(903, 'BARRE', '430', '92', '50 min', 'Valeria', '21', '0', '1', NULL, '2025-07-21 19:10:00', '2025-07-21 20:00:00', '1753138588'),
(904, 'BARRE', '426', '96', '50 min', 'Valeria', '21', '0', '1', NULL, '2025-07-21 18:10:00', '2025-07-21 19:00:00', '1753139157'),
(905, 'BARRE', '430', '131', '50 min', 'Valeria', '21', '0', '1', NULL, '2025-07-21 19:10:00', '2025-07-21 20:00:00', '1753139532'),
(906, 'PILATES', '319', '122', '50 min', 'Connie', '6', '0', '1', NULL, '2025-07-24 19:10:00', '2025-07-24 20:00:00', '1753142708'),
(907, 'BARRE', '430', '156', '50 min', 'Valeria', '21', '0', '1', NULL, '2025-07-21 19:10:00', '2025-07-21 20:00:00', '1753144148'),
(908, 'BARRE', '430', '9', '50 min', 'Valeria', '21', '0', '1', NULL, '2025-07-21 19:10:00', '2025-07-21 20:00:00', '1753146342'),
(909, 'BARRE', '255', '123', '60 min', 'Gali', '3', '0', '1', NULL, '2025-07-23 19:30:00', '2025-07-23 20:30:00', '1753146788'),
(910, 'BARRE', '430', '185', '50 min', 'Valeria', '21', '0', '1', NULL, '2025-07-21 19:10:00', '2025-07-21 20:00:00', '1753146975'),
(911, 'PILATES', '221', '118', '60 min', 'Connie', '6', '0', '1', NULL, '2025-07-22 07:00:00', '2025-07-22 08:00:00', '1753148875'),
(912, 'PILATES', '221', '101', '60 min', 'Connie', '6', '0', '1', NULL, '2025-07-22 07:00:00', '2025-07-22 08:00:00', '1753149724'),
(913, 'BARRE', '231', '101', '60 min', 'DanyFer', '5', '0', '1', NULL, '2025-07-23 07:00:00', '2025-07-23 08:00:00', '1753149740'),
(914, 'PILATES', '339', '101', '60 min', 'Connie', '6', '0', '1', NULL, '2025-07-24 07:00:00', '2025-07-24 08:00:00', '1753149751'),
(915, 'BARRE', '263', '101', '60 min', 'Katya', '2', '0', '1', NULL, '2025-07-25 07:00:00', '2025-07-25 08:00:00', '1753149772'),
(916, 'BARRE', '250', '185', '60 min', 'Gali', '3', '0', '1', NULL, '2025-07-23 18:30:00', '2025-07-23 19:30:00', '1753150340'),
(917, 'PILATES', '221', '20', '60 min', 'Connie', '6', '0', '1', NULL, '2025-07-22 07:00:00', '2025-07-22 08:00:00', '1753152051'),
(919, 'PILATES', '339', '20', '60 min', 'Connie', '6', '0', '1', NULL, '2025-07-24 07:00:00', '2025-07-24 08:00:00', '1753152135'),
(920, 'BARRE', '250', '127', '60 min', 'Gali', '3', '0', '1', NULL, '2025-07-23 18:30:00', '2025-07-23 19:30:00', '1753152788'),
(921, 'PILATES', '334', '127', '50 min', 'Connie', '6', '0', '1', NULL, '2025-07-24 18:10:00', '2025-07-24 19:00:00', '1753152816'),
(922, 'PILATES', '318', '48', '50 min', 'Connie', '6', '0', '1', NULL, '2025-07-22 19:10:00', '2025-07-22 20:00:00', '1753153147'),
(924, 'PILATES', '319', '48', '50 min', 'Connie', '6', '0', '1', NULL, '2025-07-24 19:10:00', '2025-07-24 20:00:00', '1753153177'),
(925, 'PILATES', '318', '37', '50 min', 'Connie', '6', '0', '1', NULL, '2025-07-22 19:10:00', '2025-07-22 20:00:00', '1753156648'),
(926, 'PILATES', '221', '163', '60 min', 'Connie', '6', '0', '1', NULL, '2025-07-22 07:00:00', '2025-07-22 08:00:00', '1753157517'),
(928, 'SCULPT', '226', '182', '60 min', 'Beto', '8', '0', '1', NULL, '2025-07-22 08:15:00', '2025-07-22 09:15:00', '1753160751'),
(929, 'SCULPT', '344', '182', '55 min', 'Beto', '8', '0', '1', NULL, '2025-07-24 08:15:00', '2025-07-24 09:10:00', '1753160858'),
(930, 'BARRE', '236', '182', '60 min', 'DanyFer', '5', '0', '1', NULL, '2025-07-23 08:15:00', '2025-07-23 09:15:00', '1753161983'),
(935, 'PILATES', '318', '163', '50 min', 'Connie', '6', '0', '1', NULL, '2025-07-22 19:10:00', '2025-07-22 20:00:00', '1753178926'),
(936, 'PILATES', '318', '64', '50 min', 'Connie', '6', '0', '1', NULL, '2025-07-22 19:10:00', '2025-07-22 20:00:00', '1753187208'),
(937, 'BARRE', '255', '64', '60 min', 'Gali', '3', '0', '1', NULL, '2025-07-23 19:30:00', '2025-07-23 20:30:00', '1753187283'),
(938, 'BARRE', '263', '64', '60 min', 'Katya', '2', '0', '1', NULL, '2025-07-25 07:00:00', '2025-07-25 08:00:00', '1753187317'),
(939, 'BARRE', '349', '64', '60 min', 'Mariana', '18', '0', '1', NULL, '2025-07-26 07:30:00', '2025-07-26 08:30:00', '1753187340'),
(940, 'YOGA', '329', '93', '50 min', 'Connie', '6', '0', '1', NULL, '2025-07-22 20:10:00', '2025-07-22 21:00:00', '1753190344'),
(942, 'PILATES', '318', '65', '50 min', 'Connie', '6', '0', '1', NULL, '2025-07-22 19:10:00', '2025-07-22 20:00:00', '1753193156'),
(943, 'BARRE', '255', '65', '60 min', 'Gali', '3', '0', '1', NULL, '2025-07-23 19:30:00', '2025-07-23 20:30:00', '1753193199'),
(944, 'PILATES', '319', '65', '50 min', 'Connie', '6', '0', '1', NULL, '2025-07-24 19:10:00', '2025-07-24 20:00:00', '1753193393'),
(945, 'SCULPT', '401', '65', '60 min', 'Artemio', '20', '0', '1', NULL, '2025-07-25 18:30:00', '2025-07-25 19:30:00', '1753193460'),
(946, 'BARRE', '349', '65', '60 min', 'Mariana', '18', '0', '1', NULL, '2025-07-26 07:30:00', '2025-07-26 08:30:00', '1753193542');
INSERT INTO `reservaciones` (`id`, `clase`, `idClase`, `alumno`, `dura`, `instructor`, `idInstructor`, `invitado`, `activo`, `asiste`, `inicio`, `fin`, `fechaReserva`) VALUES
(947, 'PILATES', '318', '118', '50 min', 'Connie', '6', '0', '1', NULL, '2025-07-22 19:10:00', '2025-07-22 20:00:00', '1753194403'),
(948, 'YOGA', '329', '128', '50 min', 'Connie', '6', '0', '1', NULL, '2025-07-22 20:10:00', '2025-07-22 21:00:00', '1753196272'),
(949, 'BARRE', '255', '117', '60 min', 'Gali', '3', '1', '1', NULL, '2025-07-23 19:30:00', '2025-07-23 20:30:00', '1753197945'),
(950, 'BARRE', '255', '92', '60 min', 'Gali', '3', '0', '1', NULL, '2025-07-23 19:30:00', '2025-07-23 20:30:00', '1753202817'),
(951, 'BARRE', '255', '25', '60 min', 'Gali', '3', '0', '1', NULL, '2025-07-23 19:30:00', '2025-07-23 20:30:00', '1753204511'),
(952, 'PILATES', '339', '172', '60 min', 'Connie', '6', '0', '1', NULL, '2025-07-24 07:00:00', '2025-07-24 08:00:00', '1753205828'),
(954, 'PILATES', '318', '111', '50 min', 'Connie', '6', '0', '1', NULL, '2025-07-22 19:10:00', '2025-07-22 20:00:00', '1753210502'),
(955, 'BARRE', '393', '111', '60 min', 'Katya', '2', '0', '1', NULL, '2025-07-27 08:30:00', '2025-07-27 09:30:00', '1753210580'),
(956, 'BARRE', '427', '111', '50 min', 'Valeria', '21', '0', '1', NULL, '2025-07-28 18:10:00', '2025-07-28 19:00:00', '1753210637'),
(957, 'PILATES', '320', '111', '50 min', 'Connie', '6', '0', '1', NULL, '2025-07-29 19:10:00', '2025-07-29 20:00:00', '1753210658'),
(958, 'YOGA', '330', '111', '50 min', 'Connie', '6', '0', '1', NULL, '2025-07-29 20:10:00', '2025-07-29 21:00:00', '1753210674'),
(959, 'BARRE', '251', '111', '60 min', 'Gali', '3', '0', '1', NULL, '2025-07-30 18:30:00', '2025-07-30 19:30:00', '1753210696'),
(962, 'SCULPT', '344', '89', '55 min', 'Beto', '8', '0', '1', NULL, '2025-07-24 08:15:00', '2025-07-24 09:10:00', '1753217608'),
(963, 'YOGA', '329', '44', '50 min', 'Connie', '6', '0', '1', NULL, '2025-07-22 20:10:00', '2025-07-22 21:00:00', '1753219913'),
(964, 'PILATES', '319', '102', '50 min', 'Connie', '6', '0', '1', NULL, '2025-07-24 19:10:00', '2025-07-24 20:00:00', '1753224559'),
(965, 'PILATES', '318', '153', '50 min', 'Connie', '6', '0', '1', NULL, '2025-07-22 19:10:00', '2025-07-22 20:00:00', '1753228506'),
(966, 'PILATES', '318', '23', '50 min', 'Connie', '6', '0', '1', NULL, '2025-07-22 19:10:00', '2025-07-22 20:00:00', '1753229700'),
(967, 'BARRE', '231', '44', '60 min', 'DanyFer', '5', '0', '1', NULL, '2025-07-23 07:00:00', '2025-07-23 08:00:00', '1753232910'),
(970, 'PILATES', '318', '133', '50 min', 'Connie', '6', '0', '1', NULL, '2025-07-22 19:10:00', '2025-07-22 20:00:00', '1753233659'),
(971, 'BARRE', '255', '186', '60 min', 'Gali', '3', '0', '1', NULL, '2025-07-23 19:30:00', '2025-07-23 20:30:00', '1753237870'),
(972, 'BARRE', '231', '118', '60 min', 'DanyFer', '5', '0', '1', NULL, '2025-07-23 07:00:00', '2025-07-23 08:00:00', '1753240601'),
(973, 'BARRE', '231', '133', '60 min', 'DanyFer', '5', '0', '1', NULL, '2025-07-23 07:00:00', '2025-07-23 08:00:00', '1753244047'),
(974, 'BARRE', '263', '20', '60 min', 'Katya', '2', '0', '1', NULL, '2025-07-25 07:00:00', '2025-07-25 08:00:00', '1753249246'),
(975, 'PILATES', '339', '163', '60 min', 'Connie', '6', '0', '1', NULL, '2025-07-24 07:00:00', '2025-07-24 08:00:00', '1753251384'),
(976, 'BARRE', '231', '64', '60 min', 'DanyFer', '5', '0', '1', NULL, '2025-07-23 07:00:00', '2025-07-23 08:00:00', '1753275313'),
(977, 'PILATES', '334', '60', '50 min', 'Connie', '6', '0', '1', NULL, '2025-07-24 18:10:00', '2025-07-24 19:00:00', '1753277069'),
(978, 'BARRE', '236', '60', '60 min', 'DanyFer', '5', '0', '1', NULL, '2025-07-23 08:15:00', '2025-07-23 09:15:00', '1753277131'),
(979, 'BARRE', '284', '60', '55 min', 'Katya', '2', '0', '1', NULL, '2025-07-25 08:15:00', '2025-07-25 09:10:00', '1753277467'),
(980, 'BARRE', '452', '25', '60 min', 'Zoe', '22', '0', '1', NULL, '2025-07-30 07:00:00', '2025-07-30 08:00:00', '1753281415'),
(981, 'BARRE', '250', '21', '60 min', 'Gali', '3', '0', '1', NULL, '2025-07-23 18:30:00', '2025-07-23 19:30:00', '1753282604'),
(982, 'BARRE', '263', '21', '60 min', 'Katya', '2', '0', '1', NULL, '2025-07-25 07:00:00', '2025-07-25 08:00:00', '1753282662'),
(984, 'BARRE', '393', '102', '60 min', 'Katya', '2', '0', '1', NULL, '2025-07-27 08:30:00', '2025-07-27 09:30:00', '1753284790'),
(985, 'PILATES', '334', '30', '50 min', 'Connie', '6', '0', '1', NULL, '2025-07-24 18:10:00', '2025-07-24 19:00:00', '1753291564'),
(986, 'BARRE', '393', '30', '60 min', 'Katya', '2', '0', '1', NULL, '2025-07-27 08:30:00', '2025-07-27 09:30:00', '1753291604'),
(987, 'BARRE', '443', '59', '60 min', 'Mariana', '18', '0', '1', NULL, '2025-07-26 08:30:00', '2025-07-26 09:30:00', '1753294171'),
(988, 'PILATES', '339', '91', '60 min', 'Connie', '6', '0', '1', NULL, '2025-07-24 07:00:00', '2025-07-24 08:00:00', '1753308757'),
(989, 'BARRE', '263', '44', '60 min', 'Katya', '2', '0', '1', NULL, '2025-07-25 07:00:00', '2025-07-25 08:00:00', '1753311455'),
(990, 'PILATES', '339', '118', '60 min', 'Connie', '6', '0', '1', NULL, '2025-07-24 07:00:00', '2025-07-24 08:00:00', '1753312304'),
(991, 'BARRE', '443', '118', '60 min', 'Mariana', '18', '0', '1', NULL, '2025-07-26 08:30:00', '2025-07-26 09:30:00', '1753312496'),
(992, 'BARRE', '256', '28', '60 min', 'Gali', '3', '0', '1', NULL, '2025-07-30 19:30:00', '2025-07-30 20:30:00', '1753315704'),
(993, 'BARRE', '405', '64', '60 min', 'Mariana', '18', '0', '1', NULL, '2025-07-28 07:00:00', '2025-07-28 08:00:00', '1753315775'),
(994, 'PILATES', '339', '44', '60 min', 'Connie', '6', '0', '1', NULL, '2025-07-24 07:00:00', '2025-07-24 08:00:00', '1753316363'),
(995, 'PILATES', '339', '2', '60 min', 'Connie', '6', '0', '1', NULL, '2025-07-24 07:00:00', '2025-07-24 08:00:00', '1753316383'),
(997, 'PILATES', '334', '185', '50 min', 'Connie', '6', '0', '1', NULL, '2025-07-24 18:10:00', '2025-07-24 19:00:00', '1753322283'),
(999, 'PILATES', '334', '9', '50 min', 'Connie', '6', '2', '1', NULL, '2025-07-24 18:10:00', '2025-07-24 19:00:00', '1753322410'),
(1000, 'PILATES', '339', '133', '60 min', 'Connie', '6', '0', '1', NULL, '2025-07-24 07:00:00', '2025-07-24 08:00:00', '1753333816'),
(1001, 'PILATES', '319', '128', '50 min', 'Connie', '6', '0', '1', NULL, '2025-07-24 19:10:00', '2025-07-24 20:00:00', '1753344634'),
(1003, 'BARRE', '263', '182', '60 min', 'Katya', '2', '0', '1', NULL, '2025-07-25 07:00:00', '2025-07-25 08:00:00', '1753368586'),
(1005, 'PILATES', '319', '37', '50 min', 'Connie', '6', '0', '1', NULL, '2025-07-24 19:10:00', '2025-07-24 20:00:00', '1753372367'),
(1006, 'BARRE', '349', '147', '60 min', 'Mariana', '18', '0', '1', NULL, '2025-07-26 07:30:00', '2025-07-26 08:30:00', '1753389050'),
(1009, 'BARRE', '349', '76', '60 min', 'Mariana', '18', '0', '1', NULL, '2025-07-26 07:30:00', '2025-07-26 08:30:00', '1753391354'),
(1010, 'PILATES', '319', '109', '50 min', 'Connie', '6', '0', '1', NULL, '2025-07-24 19:10:00', '2025-07-24 20:00:00', '1753395469'),
(1011, 'PILATES', '319', '9', '50 min', 'Connie', '6', '0', '1', NULL, '2025-07-24 19:10:00', '2025-07-24 20:00:00', '1753395722'),
(1012, 'YOGA', '275', '9', '60 min', 'María', '10', '1', '1', NULL, '2025-07-25 09:30:00', '2025-07-25 10:30:00', '1753395861'),
(1013, 'PILATES', '334', '2', '50 min', 'Connie', '6', '1', '1', NULL, '2025-07-24 18:10:00', '2025-07-24 19:00:00', '1753395964'),
(1014, 'PILATES', '334', '23', '50 min', 'Connie', '6', '0', '1', NULL, '2025-07-24 18:10:00', '2025-07-24 19:00:00', '1753398958'),
(1015, 'BARRE', '263', '172', '60 min', 'Katya', '2', '0', '1', NULL, '2025-07-25 07:00:00', '2025-07-25 08:00:00', '1753402732'),
(1017, 'BARRE', '263', '91', '60 min', 'Katya', '2', '0', '1', NULL, '2025-07-25 07:00:00', '2025-07-25 08:00:00', '1753407214'),
(1019, 'BARRE', '393', '118', '60 min', 'Katya', '2', '0', '1', NULL, '2025-07-27 08:30:00', '2025-07-27 09:30:00', '1753411677'),
(1020, 'BARRE', '284', '118', '55 min', 'Katya', '2', '0', '1', NULL, '2025-07-25 08:15:00', '2025-07-25 09:10:00', '1753412009'),
(1021, 'BARRE', '443', '4', '60 min', 'Mariana', '18', '0', '1', NULL, '2025-07-26 08:30:00', '2025-07-26 09:30:00', '1753412154'),
(1023, 'BARRE', '413', '27', '55 min', 'Mariana', '18', '0', '1', NULL, '2025-07-28 08:15:00', '2025-07-28 09:10:00', '1753414335'),
(1024, 'BARRE', '284', '27', '55 min', 'Katya', '2', '0', '1', NULL, '2025-07-25 08:15:00', '2025-07-25 09:10:00', '1753420607'),
(1025, 'BARRE', '284', '70', '55 min', 'Katya', '2', '0', '1', NULL, '2025-07-25 08:15:00', '2025-07-25 09:10:00', '1753421449'),
(1026, 'BARRE', '284', '96', '55 min', 'Katya', '2', '0', '1', NULL, '2025-07-25 08:15:00', '2025-07-25 09:10:00', '1753422161'),
(1027, 'BARRE', '284', '182', '55 min', 'Katya', '2', '0', '1', NULL, '2025-07-25 08:15:00', '2025-07-25 09:10:00', '1753446681'),
(1028, 'SCULPT', '401', '182', '60 min', 'Artemio', '20', '0', '1', NULL, '2025-07-25 18:30:00', '2025-07-25 19:30:00', '1753446751'),
(1029, 'SCULPT', '401', '118', '60 min', 'Artemio', '20', '0', '1', NULL, '2025-07-25 18:30:00', '2025-07-25 19:30:00', '1753449721'),
(1030, 'BARRE', '349', '190', '60 min', 'Mariana', '18', '0', '1', NULL, '2025-07-26 07:30:00', '2025-07-26 08:30:00', '1753463029'),
(1031, 'BARRE', '393', '190', '60 min', 'Katya', '2', '0', '1', NULL, '2025-07-27 08:30:00', '2025-07-27 09:30:00', '1753463488'),
(1032, 'BARRE', '443', '141', '60 min', 'Mariana', '18', '0', '1', NULL, '2025-07-26 08:30:00', '2025-07-26 09:30:00', '1753465476'),
(1033, 'BARRE', '443', '111', '60 min', 'Mariana', '18', '0', '1', NULL, '2025-07-26 08:30:00', '2025-07-26 09:30:00', '1753476713'),
(1034, 'BARRE', '431', '107', '50 min', 'Valeria', '21', '0', '1', NULL, '2025-07-28 19:10:00', '2025-07-28 20:00:00', '1753484986'),
(1035, 'BARRE', '256', '107', '60 min', 'Gali', '3', '0', '1', NULL, '2025-07-30 19:30:00', '2025-07-30 20:30:00', '1753485017'),
(1037, 'BARRE', '443', '2', '60 min', 'Mariana', '18', '0', '1', NULL, '2025-07-26 08:30:00', '2025-07-26 09:30:00', '1753498339'),
(1038, 'BARRE', '393', '154', '60 min', 'Katya', '2', '0', '1', NULL, '2025-07-27 08:30:00', '2025-07-27 09:30:00', '1753539189'),
(1039, 'BARRE', '393', '25', '60 min', 'Katya', '2', '0', '1', NULL, '2025-07-27 08:30:00', '2025-07-27 09:30:00', '1753542161'),
(1040, 'BARRE', '413', '25', '55 min', 'Mariana', '18', '0', '1', NULL, '2025-07-28 08:15:00', '2025-07-28 09:10:00', '1753542189'),
(1041, 'BARRE', '251', '25', '60 min', 'Gali', '3', '0', '1', NULL, '2025-07-30 18:30:00', '2025-07-30 19:30:00', '1753542240'),
(1042, 'BARRE', '393', '125', '60 min', 'Katya', '2', '0', '1', NULL, '2025-07-27 08:30:00', '2025-07-27 09:30:00', '1753569283'),
(1043, 'SCULPT', '397', '125', '50 min', 'Beto', '8', '0', '1', NULL, '2025-07-28 20:10:00', '2025-07-28 21:00:00', '1753569325'),
(1044, 'BARRE', '256', '125', '60 min', 'Gali', '3', '0', '1', NULL, '2025-07-30 19:30:00', '2025-07-30 20:30:00', '1753569386'),
(1045, 'BARRE', '393', '192', '60 min', 'Katya', '2', '0', '1', NULL, '2025-07-27 08:30:00', '2025-07-27 09:30:00', '1753578089'),
(1046, 'BARRE', '431', '102', '50 min', 'Valeria', '21', '0', '1', NULL, '2025-07-28 19:10:00', '2025-07-28 20:00:00', '1753579897'),
(1047, 'BARRE', '256', '102', '60 min', 'Gali', '3', '0', '1', NULL, '2025-07-30 19:30:00', '2025-07-30 20:30:00', '1753579932'),
(1048, 'BARRE', '393', '2', '60 min', 'Katya', '2', '1', '1', NULL, '2025-07-27 08:30:00', '2025-07-27 09:30:00', '1753583302'),
(1049, 'BARRE', '393', '56', '60 min', 'Katya', '2', '0', '1', NULL, '2025-07-27 08:30:00', '2025-07-27 09:30:00', '1753584193'),
(1050, 'BARRE', '427', '56', '50 min', 'Valeria', '21', '0', '1', NULL, '2025-07-28 18:10:00', '2025-07-28 19:00:00', '1753633952'),
(1051, 'BARRE', '251', '56', '60 min', 'Gali', '3', '0', '1', NULL, '2025-07-30 18:30:00', '2025-07-30 19:30:00', '1753633978'),
(1052, 'BARRE', '405', '122', '60 min', 'Mariana', '18', '0', '1', NULL, '2025-07-28 07:00:00', '2025-07-28 08:00:00', '1753648047'),
(1053, 'PILATES', '320', '122', '50 min', 'Connie', '6', '0', '1', NULL, '2025-07-29 19:10:00', '2025-07-29 20:00:00', '1753648076'),
(1054, 'BARRE', '452', '122', '60 min', 'Zoe', '22', '0', '1', NULL, '2025-07-30 07:00:00', '2025-07-30 08:00:00', '1753648090'),
(1056, 'BARRE', '427', '30', '50 min', 'Valeria', '21', '0', '1', NULL, '2025-07-28 18:10:00', '2025-07-28 19:00:00', '1753656278'),
(1057, 'PILATES', '320', '30', '50 min', 'Connie', '6', '0', '1', NULL, '2025-07-29 19:10:00', '2025-07-29 20:00:00', '1753656299'),
(1058, 'YOGA', '330', '30', '50 min', 'Connie', '6', '0', '1', NULL, '2025-07-29 20:10:00', '2025-07-29 21:00:00', '1753656308'),
(1059, 'BARRE', '251', '30', '60 min', 'Gali', '3', '0', '1', NULL, '2025-07-30 18:30:00', '2025-07-30 19:30:00', '1753656329'),
(1060, 'PILATES', '335', '30', '50 min', 'Connie', '6', '0', '1', NULL, '2025-07-31 18:10:00', '2025-07-31 19:00:00', '1753656341'),
(1061, 'BARRE', '413', '92', '55 min', 'Mariana', '18', '0', '1', NULL, '2025-07-28 08:15:00', '2025-07-28 09:10:00', '1753658478'),
(1062, 'BARRE', '256', '92', '60 min', 'Gali', '3', '0', '1', NULL, '2025-07-30 19:30:00', '2025-07-30 20:30:00', '1753658509'),
(1063, 'SCULPT', '397', '117', '50 min', 'Beto', '8', '0', '1', NULL, '2025-07-28 20:10:00', '2025-07-28 21:00:00', '1753661283'),
(1064, 'BARRE', '251', '117', '60 min', 'Gali', '3', '0', '1', NULL, '2025-07-30 18:30:00', '2025-07-30 19:30:00', '1753661305'),
(1065, 'BARRE', '413', '65', '55 min', 'Mariana', '18', '0', '1', NULL, '2025-07-28 08:15:00', '2025-07-28 09:10:00', '1753663122'),
(1066, 'PILATES', '320', '65', '50 min', 'Connie', '6', '0', '1', NULL, '2025-07-29 19:10:00', '2025-07-29 20:00:00', '1753663142'),
(1067, 'BARRE', '431', '156', '50 min', 'Valeria', '21', '0', '1', NULL, '2025-07-28 19:10:00', '2025-07-28 20:00:00', '1753668157'),
(1068, 'BARRE', '256', '156', '60 min', 'Gali', '3', '0', '1', NULL, '2025-07-30 19:30:00', '2025-07-30 20:30:00', '1753668210'),
(1069, 'BARRE', '405', '20', '60 min', 'Mariana', '18', '0', '1', NULL, '2025-07-28 07:00:00', '2025-07-28 08:00:00', '1753668861'),
(1070, 'PILATES', '222', '20', '60 min', 'Connie', '6', '0', '1', NULL, '2025-07-29 07:00:00', '2025-07-29 08:00:00', '1753668892'),
(1072, 'YOGA', '330', '93', '50 min', 'Connie', '6', '0', '1', NULL, '2025-07-29 20:10:00', '2025-07-29 21:00:00', '1753671735'),
(1073, 'BARRE', '431', '48', '50 min', 'Valeria', '21', '0', '1', NULL, '2025-07-28 19:10:00', '2025-07-28 20:00:00', '1753672629'),
(1074, 'PILATES', '320', '48', '50 min', 'Connie', '6', '0', '1', NULL, '2025-07-29 19:10:00', '2025-07-29 20:00:00', '1753672695'),
(1075, 'BARRE', '256', '48', '60 min', 'Gali', '3', '0', '1', NULL, '2025-07-30 19:30:00', '2025-07-30 20:30:00', '1753672711'),
(1078, 'PILATES', '335', '102', '50 min', 'Connie', '6', '0', '1', NULL, '2025-07-31 18:10:00', '2025-07-31 19:00:00', '1753673127'),
(1079, 'SCULPT', '397', '123', '50 min', 'Beto', '8', '0', '1', NULL, '2025-07-28 20:10:00', '2025-07-28 21:00:00', '1753673213'),
(1080, 'BARRE', '256', '123', '60 min', 'Gali', '3', '0', '1', NULL, '2025-07-30 19:30:00', '2025-07-30 20:30:00', '1753673236'),
(1081, 'BARRE', '405', '60', '60 min', 'Mariana', '18', '0', '1', NULL, '2025-07-28 07:00:00', '2025-07-28 08:00:00', '1753673546'),
(1083, 'SCULPT', '397', '89', '50 min', 'Beto', '8', '0', '1', NULL, '2025-07-28 20:10:00', '2025-07-28 21:00:00', '1753673670'),
(1084, 'BARRE', '405', '133', '60 min', 'Mariana', '18', '0', '1', NULL, '2025-07-28 07:00:00', '2025-07-28 08:00:00', '1753676966'),
(1085, 'BARRE', '256', '21', '60 min', 'Gali', '3', '0', '1', NULL, '2025-07-30 19:30:00', '2025-07-30 20:30:00', '1753677180'),
(1087, 'BARRE', '457', '27', '55 min', 'Zoe', '22', '0', '1', NULL, '2025-07-30 08:15:00', '2025-07-30 09:10:00', '1753677679'),
(1089, 'YOGA', '330', '25', '50 min', 'Connie', '6', '0', '1', NULL, '2025-07-29 20:10:00', '2025-07-29 21:00:00', '1753702437'),
(1090, 'BARRE', '405', '101', '60 min', 'Mariana', '18', '0', '1', NULL, '2025-07-28 07:00:00', '2025-07-28 08:00:00', '1753707885'),
(1091, 'BARRE', '405', '192', '60 min', 'Mariana', '18', '0', '1', NULL, '2025-07-28 07:00:00', '2025-07-28 08:00:00', '1753707936'),
(1092, 'BARRE', '405', '118', '60 min', 'Mariana', '18', '0', '1', NULL, '2025-07-28 07:00:00', '2025-07-28 08:00:00', '1753707948'),
(1093, 'BARRE', '413', '64', '55 min', 'Mariana', '18', '0', '1', NULL, '2025-07-28 08:15:00', '2025-07-28 09:10:00', '1753708651'),
(1095, 'PILATES', '505', '111', '50 min', 'Connie', '6', '0', '1', NULL, '2025-08-05 19:10:00', '2025-08-05 20:00:00', '1753712414'),
(1096, 'BARRE', '486', '111', '50 min', 'Valeria', '21', '0', '1', NULL, '2025-08-04 18:10:00', '2025-08-04 19:00:00', '1753712426'),
(1097, 'BARRE', '531', '111', '60 min', 'Gali', '3', '0', '1', NULL, '2025-08-06 18:30:00', '2025-08-06 19:30:00', '1753712443'),
(1098, 'YOGA', '513', '111', '50 min', 'Connie', '6', '0', '1', NULL, '2025-08-05 20:10:00', '2025-08-05 21:00:00', '1753712459'),
(1099, 'SCULPT', '551', '111', '60 min', 'Artemio', '20', '0', '1', NULL, '2025-08-08 18:30:00', '2025-08-08 19:30:00', '1753712483'),
(1100, 'BARRE', '427', '195', '50 min', 'Valeria', '21', '0', '1', NULL, '2025-07-28 18:10:00', '2025-07-28 19:00:00', '1753717770'),
(1101, 'BARRE', '251', '59', '60 min', 'Gali', '3', '0', '1', NULL, '2025-07-30 18:30:00', '2025-07-30 19:30:00', '1753718465'),
(1102, 'SCULPT', '560', '147', '60 min', 'Beto', '8', '0', '1', NULL, '2025-07-29 08:15:00', '2025-07-29 09:15:00', '1753719068'),
(1103, 'BARRE', '452', '147', '60 min', 'Zoe', '22', '0', '1', NULL, '2025-07-30 07:00:00', '2025-07-30 08:00:00', '1753719181'),
(1104, 'BARRE', '431', '54', '50 min', 'Valeria', '21', '0', '1', NULL, '2025-07-28 19:10:00', '2025-07-28 20:00:00', '1753720120'),
(1106, 'BARRE', '251', '54', '60 min', 'Gali', '3', '1', '1', NULL, '2025-07-30 18:30:00', '2025-07-30 19:30:00', '1753720174'),
(1107, 'SCULPT', '595', '111', '60 min', 'Artemio', '20', '0', '1', NULL, '2025-08-01 18:30:00', '2025-08-01 19:30:00', '1753721877'),
(1108, 'BARRE', '600', '111', '60 min', 'Gali', '3', '0', '1', NULL, '2025-08-02 07:30:00', '2025-08-02 08:30:00', '1753722561'),
(1109, 'PILATES', '310', '190', '50 min', 'Connie', '6', '0', '1', NULL, '2025-07-29 18:10:00', '2025-07-29 19:00:00', '1753725770'),
(1110, 'PILATES', '335', '190', '50 min', 'Connie', '6', '0', '1', NULL, '2025-07-31 18:10:00', '2025-07-31 19:00:00', '1753725800'),
(1111, 'BARRE', '600', '190', '60 min', 'Gali', '3', '0', '1', NULL, '2025-08-02 07:30:00', '2025-08-02 08:30:00', '1753725820'),
(1112, 'BARRE', '256', '117', '60 min', 'Gali', '3', '1', '1', NULL, '2025-07-30 19:30:00', '2025-07-30 20:30:00', '1753725886'),
(1113, 'BARRE', '614', '190', '60 min', 'Gali', '3', '0', '1', NULL, '2025-08-03 08:30:00', '2025-08-03 09:30:00', '1753725934'),
(1115, 'PILATES', '321', '65', '50 min', 'Connie', '6', '0', '1', NULL, '2025-07-31 19:10:00', '2025-07-31 20:00:00', '1753727071'),
(1116, 'BARRE', '600', '122', '60 min', 'Gali', '3', '0', '1', NULL, '2025-08-02 07:30:00', '2025-08-02 08:30:00', '1753727462'),
(1117, 'SCULPT', '397', '186', '50 min', 'Beto', '8', '0', '1', NULL, '2025-07-28 20:10:00', '2025-07-28 21:00:00', '1753731481'),
(1121, 'PILATES', '222', '163', '60 min', 'Connie', '6', '0', '1', NULL, '2025-07-29 07:00:00', '2025-07-29 08:00:00', '1753738532'),
(1122, 'BARRE', '251', '2', '60 min', 'Gali', '3', '0', '1', NULL, '2025-07-30 18:30:00', '2025-07-30 19:30:00', '1753739879'),
(1123, 'BARRE', '251', '157', '60 min', 'Gali', '3', '0', '1', NULL, '2025-07-30 18:30:00', '2025-07-30 19:30:00', '1753740297'),
(1124, 'BARRE', '431', '2', '50 min', 'Valeria', '21', '3', '1', NULL, '2025-07-28 19:10:00', '2025-07-28 20:00:00', '1753745584'),
(1125, 'BARRE', '614', '21', '60 min', 'Gali', '3', '0', '1', NULL, '2025-08-03 08:30:00', '2025-08-03 09:30:00', '1753746048'),
(1126, 'BARRE', '427', '133', '50 min', 'Valeria', '21', '0', '1', NULL, '2025-07-28 18:10:00', '2025-07-28 19:00:00', '1753746413'),
(1127, 'BARRE', '600', '28', '60 min', 'Gali', '3', '0', '1', NULL, '2025-08-02 07:30:00', '2025-08-02 08:30:00', '1753748013'),
(1128, 'BARRE', '427', '44', '50 min', 'Valeria', '21', '0', '1', NULL, '2025-07-28 18:10:00', '2025-07-28 19:00:00', '1753748990'),
(1129, 'PILATES', '222', '9', '60 min', 'Connie', '6', '1', '1', NULL, '2025-07-29 07:00:00', '2025-07-29 08:00:00', '1753749054'),
(1130, 'PILATES', '222', '118', '60 min', 'Connie', '6', '0', '1', NULL, '2025-07-29 07:00:00', '2025-07-29 08:00:00', '1753750277'),
(1131, 'PILATES', '222', '101', '60 min', 'Connie', '6', '0', '1', NULL, '2025-07-29 07:00:00', '2025-07-29 08:00:00', '1753750734'),
(1132, 'BARRE', '452', '101', '60 min', 'Zoe', '22', '0', '1', NULL, '2025-07-30 07:00:00', '2025-07-30 08:00:00', '1753750751'),
(1133, 'PILATES', '340', '101', '60 min', 'Connie', '6', '0', '1', NULL, '2025-07-31 07:00:00', '2025-07-31 08:00:00', '1753750765'),
(1134, 'BARRE', '580', '101', '1:15 h', 'DanyFer', '5', '0', '1', NULL, '2025-08-01 07:00:00', '2025-08-01 08:15:00', '1753750788'),
(1135, 'BARRE', '431', '91', '50 min', 'Valeria', '21', '0', '1', NULL, '2025-07-28 19:10:00', '2025-07-28 20:00:00', '1753750817'),
(1136, 'BARRE', '431', '40', '50 min', 'Valeria', '21', '0', '1', NULL, '2025-07-28 19:10:00', '2025-07-28 20:00:00', '1753751558'),
(1137, 'SCULPT', '560', '27', '60 min', 'Beto', '8', '0', '1', NULL, '2025-07-29 08:15:00', '2025-07-29 09:15:00', '1753759641'),
(1138, 'BARRE', '585', '27', '55 min', 'DanyFer', '5', '0', '1', NULL, '2025-08-01 08:15:00', '2025-08-01 09:10:00', '1753759684'),
(1139, 'PILATES', '310', '102', '50 min', 'Connie', '6', '0', '1', NULL, '2025-07-29 18:10:00', '2025-07-29 19:00:00', '1753760541'),
(1140, 'SCULPT', '595', '102', '60 min', 'Artemio', '20', '0', '1', NULL, '2025-08-01 18:30:00', '2025-08-01 19:30:00', '1753760567'),
(1141, 'BARRE', '614', '102', '60 min', 'Gali', '3', '0', '1', NULL, '2025-08-03 08:30:00', '2025-08-03 09:30:00', '1753760611'),
(1142, 'PILATES', '320', '128', '50 min', 'Connie', '6', '0', '1', NULL, '2025-07-29 19:10:00', '2025-07-29 20:00:00', '1753770107'),
(1143, 'YOGA', '330', '44', '50 min', 'Connie', '6', '0', '1', NULL, '2025-07-29 20:10:00', '2025-07-29 21:00:00', '1753797812'),
(1144, 'SCULPT', '560', '60', '60 min', 'Beto', '8', '0', '1', NULL, '2025-07-29 08:15:00', '2025-07-29 09:15:00', '1753799363'),
(1145, 'BARRE', '605', '59', '60 min', 'Gali', '3', '0', '1', NULL, '2025-08-02 08:40:00', '2025-08-02 09:40:00', '1753802600'),
(1146, 'BARRE', '452', '44', '60 min', 'Zoe', '22', '0', '1', NULL, '2025-07-30 07:00:00', '2025-07-30 08:00:00', '1753803640'),
(1147, 'PILATES', '320', '37', '50 min', 'Connie', '6', '0', '1', NULL, '2025-07-29 19:10:00', '2025-07-29 20:00:00', '1753805609'),
(1148, 'BARRE', '251', '8', '60 min', 'Gali', '3', '0', '1', NULL, '2025-07-30 18:30:00', '2025-07-30 19:30:00', '1753807979'),
(1149, 'BARRE', '600', '8', '60 min', 'Gali', '3', '0', '1', NULL, '2025-08-02 07:30:00', '2025-08-02 08:30:00', '1753808053'),
(1150, 'BARRE', '614', '8', '60 min', 'Gali', '3', '0', '1', NULL, '2025-08-03 08:30:00', '2025-08-03 09:30:00', '1753808068'),
(1151, 'BARRE', '452', '133', '60 min', 'Zoe', '22', '0', '1', NULL, '2025-07-30 07:00:00', '2025-07-30 08:00:00', '1753809065'),
(1152, 'PILATES', '320', '153', '50 min', 'Connie', '6', '0', '1', NULL, '2025-07-29 19:10:00', '2025-07-29 20:00:00', '1753816434'),
(1153, 'BARRE', '452', '153', '60 min', 'Zoe', '22', '0', '1', NULL, '2025-07-30 07:00:00', '2025-07-30 08:00:00', '1753816520'),
(1154, 'PILATES', '321', '153', '50 min', 'Connie', '6', '0', '1', NULL, '2025-07-31 19:10:00', '2025-07-31 20:00:00', '1753816551'),
(1155, 'BARRE', '580', '153', '1:15 h', 'DanyFer', '5', '0', '1', NULL, '2025-08-01 07:00:00', '2025-08-01 08:15:00', '1753816592'),
(1157, 'BARRE', '458', '153', '60 min', 'Ananda', '17', '0', '1', NULL, '2025-08-04 07:00:00', '2025-08-04 08:00:00', '1753816695'),
(1162, 'BARRE', '460', '153', '60 min', 'Ananda', '17', '0', '1', NULL, '2025-08-11 07:00:00', '2025-08-11 08:00:00', '1753817018'),
(1163, 'PILATES', '499', '153', '60 min', 'Connie', '6', '0', '1', NULL, '2025-08-12 07:00:00', '2025-08-12 08:00:00', '1753817036'),
(1164, 'PILATES', '310', '9', '50 min', 'Connie', '6', '1', '1', NULL, '2025-07-29 18:10:00', '2025-07-29 19:00:00', '1753828519'),
(1167, 'BARRE', '251', '9', '60 min', 'Gali', '3', '0', '1', NULL, '2025-07-30 18:30:00', '2025-07-30 19:30:00', '1753828846'),
(1168, 'BARRE', '487', '111', '50 min', 'Valeria', '21', '0', '1', NULL, '2025-08-11 18:10:00', '2025-08-11 19:00:00', '1753829398'),
(1169, 'PILATES', '507', '111', '50 min', 'Connie', '6', '0', '1', NULL, '2025-08-12 19:10:00', '2025-08-12 20:00:00', '1753829411'),
(1170, 'YOGA', '514', '111', '50 min', 'Connie', '6', '0', '1', NULL, '2025-08-12 20:10:00', '2025-08-12 21:00:00', '1753829420'),
(1171, 'BARRE', '452', '22', '60 min', 'Zoe', '22', '0', '1', NULL, '2025-07-30 07:00:00', '2025-07-30 08:00:00', '1753831216'),
(1172, 'PILATES', '340', '22', '60 min', 'Connie', '6', '0', '1', NULL, '2025-07-31 07:00:00', '2025-07-31 08:00:00', '1753831244'),
(1173, 'BARRE', '600', '22', '60 min', 'Gali', '3', '0', '1', NULL, '2025-08-02 07:30:00', '2025-08-02 08:30:00', '1753831289'),
(1174, 'BARRE', '580', '22', '1:15 h', 'DanyFer', '5', '0', '1', NULL, '2025-08-01 07:00:00', '2025-08-01 08:15:00', '1753831326'),
(1175, 'PILATES', '310', '23', '50 min', 'Connie', '6', '0', '1', NULL, '2025-07-29 18:10:00', '2025-07-29 19:00:00', '1753831654'),
(1176, 'PILATES', '310', '185', '50 min', 'Connie', '6', '0', '1', NULL, '2025-07-29 18:10:00', '2025-07-29 19:00:00', '1753832012'),
(1177, 'BARRE', '452', '185', '60 min', 'Zoe', '22', '0', '1', NULL, '2025-07-30 07:00:00', '2025-07-30 08:00:00', '1753832549'),
(1180, 'BARRE', '600', '102', '60 min', 'Gali', '3', '0', '1', NULL, '2025-08-02 07:30:00', '2025-08-02 08:30:00', '1753839022'),
(1181, 'PILATES', '321', '9', '50 min', 'Connie', '6', '0', '1', NULL, '2025-07-31 19:10:00', '2025-07-31 20:00:00', '1753841364'),
(1182, 'BARRE', '457', '182', '55 min', 'Zoe', '22', '0', '1', NULL, '2025-07-30 08:15:00', '2025-07-30 09:10:00', '1753851660'),
(1183, 'BARRE', '457', '196', '55 min', 'Zoe', '22', '0', '1', NULL, '2025-07-30 08:15:00', '2025-07-30 09:10:00', '1753888369'),
(1184, 'PILATES', '321', '197', '50 min', 'Connie', '6', '0', '1', NULL, '2025-07-31 19:10:00', '2025-07-31 20:00:00', '1753905185'),
(1185, 'BARRE', '532', '111', '60 min', 'Gali', '3', '0', '1', NULL, '2025-08-13 18:30:00', '2025-08-13 19:30:00', '1753906958'),
(1186, 'BARRE', '256', '141', '60 min', 'Gali', '3', '0', '1', NULL, '2025-07-30 19:30:00', '2025-07-30 20:30:00', '1753910504'),
(1187, 'SCULPT', '345', '96', '55 min', 'Beto', '8', '0', '1', NULL, '2025-07-31 08:15:00', '2025-07-31 09:10:00', '1753914412'),
(1188, 'BARRE', '466', '96', '55 min', 'Ananda', '17', '0', '1', NULL, '2025-08-04 08:15:00', '2025-08-04 09:10:00', '1753914778'),
(1189, 'BARRE', '458', '25', '60 min', 'Ananda', '17', '0', '1', NULL, '2025-08-04 07:00:00', '2025-08-04 08:00:00', '1753922582'),
(1190, 'YOGA', '513', '25', '50 min', 'Connie', '6', '0', '1', NULL, '2025-08-05 20:10:00', '2025-08-05 21:00:00', '1753922660'),
(1191, 'BARRE', '539', '25', '60 min', 'Zoe', '22', '0', '1', NULL, '2025-08-06 07:00:00', '2025-08-06 08:00:00', '1753922689'),
(1192, 'BARRE', '459', '25', '60 min', 'Ananda', '17', '0', '1', NULL, '2025-08-08 07:00:00', '2025-08-08 08:00:00', '1753922893'),
(1193, 'PILATES', '340', '118', '60 min', 'Connie', '6', '0', '1', NULL, '2025-07-31 07:00:00', '2025-07-31 08:00:00', '1753925405'),
(1194, 'PILATES', '340', '44', '60 min', 'Connie', '6', '0', '1', NULL, '2025-07-31 07:00:00', '2025-07-31 08:00:00', '1753929322'),
(1195, 'PILATES', '340', '48', '60 min', 'Connie', '6', '0', '1', NULL, '2025-07-31 07:00:00', '2025-07-31 08:00:00', '1753941792'),
(1196, 'PILATES', '321', '118', '50 min', 'Connie', '6', '0', '1', NULL, '2025-07-31 19:10:00', '2025-07-31 20:00:00', '1753966252'),
(1197, 'BARRE', '600', '65', '60 min', 'Gali', '3', '0', '1', NULL, '2025-08-02 07:30:00', '2025-08-02 08:30:00', '1753967733'),
(1199, 'BARRE', '600', '117', '60 min', 'Gali', '3', '1', '1', NULL, '2025-08-02 07:30:00', '2025-08-02 08:30:00', '1753974251'),
(1200, 'PILATES', '335', '185', '50 min', 'Connie', '6', '0', '1', NULL, '2025-07-31 18:10:00', '2025-07-31 19:00:00', '1753975413'),
(1201, 'BARRE', '605', '4', '60 min', 'Gali', '3', '0', '1', NULL, '2025-08-02 08:40:00', '2025-08-02 09:40:00', '1753975862'),
(1202, 'BARRE', '600', '76', '60 min', 'Gali', '3', '0', '1', NULL, '2025-08-02 07:30:00', '2025-08-02 08:30:00', '1753978353'),
(1203, 'BARRE', '614', '76', '60 min', 'Gali', '3', '0', '1', NULL, '2025-08-03 08:30:00', '2025-08-03 09:30:00', '1753978375'),
(1204, 'BARRE', '486', '125', '50 min', 'Valeria', '21', '0', '1', NULL, '2025-08-04 18:10:00', '2025-08-04 19:00:00', '1753980989'),
(1205, 'PILATES', '505', '125', '50 min', 'Connie', '6', '0', '1', NULL, '2025-08-05 19:10:00', '2025-08-05 20:00:00', '1753981102'),
(1206, 'PILATES', '321', '2', '50 min', 'Connie', '6', '0', '1', NULL, '2025-07-31 19:10:00', '2025-07-31 20:00:00', '1753998208'),
(1207, 'BARRE', '486', '40', '50 min', 'Valeria', '21', '0', '1', NULL, '2025-08-04 18:10:00', '2025-08-04 19:00:00', '1753999189'),
(1208, 'BARRE', '531', '40', '60 min', 'Gali', '3', '0', '1', NULL, '2025-08-06 18:30:00', '2025-08-06 19:30:00', '1753999243'),
(1209, 'BARRE', '486', '2', '50 min', 'Valeria', '21', '0', '1', NULL, '2025-08-04 18:10:00', '2025-08-04 19:00:00', '1753999372'),
(1210, 'BARRE', '531', '2', '60 min', 'Gali', '3', '0', '1', NULL, '2025-08-06 18:30:00', '2025-08-06 19:30:00', '1753999419'),
(1211, 'PILATES', '321', '192', '50 min', 'Connie', '6', '0', '1', NULL, '2025-07-31 19:10:00', '2025-07-31 20:00:00', '1754003031'),
(1212, 'BARRE', '605', '2', '60 min', 'Gali', '3', '0', '1', NULL, '2025-08-02 08:40:00', '2025-08-02 09:40:00', '1754004836'),
(1213, 'BARRE', '585', '65', '55 min', 'DanyFer', '5', '0', '1', NULL, '2025-08-01 08:15:00', '2025-08-01 09:10:00', '1754005951'),
(1214, 'PILATES', '335', '23', '50 min', 'Connie', '6', '0', '1', NULL, '2025-07-31 18:10:00', '2025-07-31 19:00:00', '1754005976'),
(1215, 'BARRE', '614', '23', '60 min', 'Gali', '3', '0', '1', NULL, '2025-08-03 08:30:00', '2025-08-03 09:30:00', '1754006020'),
(1216, 'PILATES', '321', '91', '50 min', 'Connie', '6', '0', '1', NULL, '2025-07-31 19:10:00', '2025-07-31 20:00:00', '1754006990'),
(1217, 'PILATES', '321', '179', '50 min', 'Connie', '6', '0', '1', NULL, '2025-07-31 19:10:00', '2025-07-31 20:00:00', '1754009760'),
(1218, 'BARRE', '580', '118', '1:15 h', 'DanyFer', '5', '0', '1', NULL, '2025-08-01 07:00:00', '2025-08-01 08:15:00', '1754014033'),
(1219, 'BARRE', '580', '192', '1:15 h', 'DanyFer', '5', '0', '1', NULL, '2025-08-01 07:00:00', '2025-08-01 08:15:00', '1754014047'),
(1220, 'BARRE', '580', '48', '1:15 h', 'DanyFer', '5', '0', '1', NULL, '2025-08-01 07:00:00', '2025-08-01 08:15:00', '1754017002'),
(1221, 'BARRE', '605', '48', '60 min', 'Gali', '3', '0', '1', NULL, '2025-08-02 08:40:00', '2025-08-02 09:40:00', '1754017014'),
(1222, 'BARRE', '614', '48', '60 min', 'Gali', '3', '0', '1', NULL, '2025-08-03 08:30:00', '2025-08-03 09:30:00', '1754017026'),
(1223, 'BARRE', '614', '122', '60 min', 'Gali', '3', '0', '1', NULL, '2025-08-03 08:30:00', '2025-08-03 09:30:00', '1754064405'),
(1224, 'BARRE', '651', '172', '50 min', 'Valeria', '21', '0', '1', NULL, '2025-08-04 19:10:00', '2025-08-04 20:00:00', '1754079616'),
(1225, 'PILATES', '505', '172', '50 min', 'Connie', '6', '0', '1', NULL, '2025-08-05 19:10:00', '2025-08-05 20:00:00', '1754079831'),
(1227, 'PILATES', '506', '172', '50 min', 'Connie', '6', '0', '1', NULL, '2025-08-07 19:10:00', '2025-08-07 20:00:00', '1754079898'),
(1228, 'SCULPT', '595', '162', '60 min', 'Artemio', '20', '0', '1', NULL, '2025-08-01 18:30:00', '2025-08-01 19:30:00', '1754084703'),
(1229, 'SCULPT', '595', '56', '60 min', 'Artemio', '20', '0', '1', NULL, '2025-08-01 18:30:00', '2025-08-01 19:30:00', '1754092327'),
(1230, 'BARRE', '605', '89', '60 min', 'Gali', '3', '0', '1', '1', '2025-08-02 08:40:00', '2025-08-02 09:40:00', '1754102670'),
(1231, 'BARRE', '605', '200', '60 min', 'Gali', '3', '0', '1', NULL, '2025-08-02 08:40:00', '2025-08-02 09:40:00', '1754113962'),
(1232, 'BARRE', '600', '25', '60 min', 'Gali', '3', '0', '1', NULL, '2025-08-02 07:30:00', '2025-08-02 08:30:00', '1754137886'),
(1233, 'BARRE', '605', '192', '60 min', 'Gali', '3', '0', '1', NULL, '2025-08-02 08:40:00', '2025-08-02 09:40:00', '1754143734'),
(1234, 'BARRE', '605', '118', '60 min', 'Gali', '3', '0', '1', NULL, '2025-08-02 08:40:00', '2025-08-02 09:40:00', '1754143745'),
(1235, 'BARRE', '605', '60', '60 min', 'Gali', '3', '0', '1', NULL, '2025-08-02 08:40:00', '2025-08-02 09:40:00', '1754144246'),
(1236, 'PILATES', '505', '190', '50 min', 'Connie', '6', '0', '1', NULL, '2025-08-05 19:10:00', '2025-08-05 20:00:00', '1754157381'),
(1237, 'PILATES', '622', '190', '50 min', 'Connie', '6', '0', '1', NULL, '2025-08-07 18:10:00', '2025-08-07 19:00:00', '1754157409'),
(1238, 'BARRE', '633', '190', '60 min', 'Mariana', '18', '0', '1', NULL, '2025-08-09 07:30:00', '2025-08-09 08:30:00', '1754157431'),
(1239, 'BARRE', '647', '190', '60 min', 'Valeria', '21', '0', '1', NULL, '2025-08-10 08:30:00', '2025-08-10 09:30:00', '1754157451'),
(1242, 'BARRE', '614', '118', '60 min', 'Gali', '3', '0', '1', NULL, '2025-08-03 08:30:00', '2025-08-03 09:30:00', '1754170227'),
(1243, 'BARRE', '614', '56', '60 min', 'Gali', '3', '0', '1', NULL, '2025-08-03 08:30:00', '2025-08-03 09:30:00', '1754174854'),
(1244, 'PILATES', '505', '65', '50 min', 'Connie', '6', '0', '1', NULL, '2025-08-05 19:10:00', '2025-08-05 20:00:00', '1754198606'),
(1245, 'BARRE', '614', '65', '60 min', 'Gali', '3', '0', '1', NULL, '2025-08-03 08:30:00', '2025-08-03 09:30:00', '1754201502'),
(1246, 'BARRE', '614', '2', '60 min', 'Gali', '3', '0', '1', NULL, '2025-08-03 08:30:00', '2025-08-03 09:30:00', '1754201536'),
(1247, 'BARRE', '458', '199', '60 min', 'Ananda', '17', '0', '1', NULL, '2025-08-04 07:00:00', '2025-08-04 08:00:00', '1754233760'),
(1248, 'BARRE', '531', '28', '60 min', 'Gali', '3', '0', '1', NULL, '2025-08-06 18:30:00', '2025-08-06 19:30:00', '1754233882'),
(1249, 'BARRE', '486', '30', '50 min', 'Valeria', '21', '0', '1', NULL, '2025-08-04 18:10:00', '2025-08-04 19:00:00', '1754234709'),
(1250, 'PILATES', '505', '30', '50 min', 'Connie', '6', '0', '1', NULL, '2025-08-05 19:10:00', '2025-08-05 20:00:00', '1754234728'),
(1251, 'YOGA', '513', '30', '50 min', 'Connie', '6', '0', '1', NULL, '2025-08-05 20:10:00', '2025-08-05 21:00:00', '1754234742'),
(1252, 'BARRE', '531', '30', '60 min', 'Gali', '3', '0', '1', NULL, '2025-08-06 18:30:00', '2025-08-06 19:30:00', '1754234773'),
(1253, 'PILATES', '622', '30', '50 min', 'Connie', '6', '0', '1', NULL, '2025-08-07 18:10:00', '2025-08-07 19:00:00', '1754234796'),
(1254, 'BARRE', '651', '197', '50 min', 'Valeria', '21', '0', '1', NULL, '2025-08-04 19:10:00', '2025-08-04 20:00:00', '1754247018'),
(1255, 'BARRE', '651', '2', '50 min', 'Valeria', '21', '0', '1', NULL, '2025-08-04 19:10:00', '2025-08-04 20:00:00', '1754250947'),
(1256, 'BARRE', '651', '116', '50 min', 'Valeria', '21', '0', '1', NULL, '2025-08-04 19:10:00', '2025-08-04 20:00:00', '1754255699'),
(1257, 'BARRE', '651', '91', '50 min', 'Valeria', '21', '0', '1', NULL, '2025-08-04 19:10:00', '2025-08-04 20:00:00', '1754256809'),
(1258, 'BARRE', '458', '118', '60 min', 'Ananda', '17', '0', '1', NULL, '2025-08-04 07:00:00', '2025-08-04 08:00:00', '1754260078'),
(1259, 'BARRE', '466', '65', '55 min', 'Ananda', '17', '0', '1', NULL, '2025-08-04 08:15:00', '2025-08-04 09:10:00', '1754261174'),
(1261, 'BARRE', '532', '185', '60 min', 'Gali', '3', '0', '1', NULL, '2025-08-13 18:30:00', '2025-08-13 19:30:00', '1754268355'),
(1262, 'BARRE', '651', '185', '50 min', 'Valeria', '21', '0', '1', NULL, '2025-08-04 19:10:00', '2025-08-04 20:00:00', '1754268510'),
(1264, 'YOGA', '513', '93', '50 min', 'Connie', '6', '0', '1', NULL, '2025-08-05 20:10:00', '2025-08-05 21:00:00', '1754269052'),
(1265, 'PILATES', '497', '118', '60 min', 'Connie', '6', '0', '1', NULL, '2025-08-05 07:00:00', '2025-08-05 08:00:00', '1754269350'),
(1266, 'BARRE', '539', '118', '60 min', 'Zoe', '22', '0', '1', NULL, '2025-08-06 07:00:00', '2025-08-06 08:00:00', '1754269368'),
(1267, 'BARRE', '458', '101', '60 min', 'Ananda', '17', '0', '1', NULL, '2025-08-04 07:00:00', '2025-08-04 08:00:00', '1754270787'),
(1268, 'PILATES', '497', '101', '60 min', 'Connie', '6', '0', '1', NULL, '2025-08-05 07:00:00', '2025-08-05 08:00:00', '1754270804'),
(1269, 'BARRE', '539', '101', '60 min', 'Zoe', '22', '0', '1', NULL, '2025-08-06 07:00:00', '2025-08-06 08:00:00', '1754270816'),
(1270, 'PILATES', '498', '101', '60 min', 'Connie', '6', '0', '1', NULL, '2025-08-07 07:00:00', '2025-08-07 08:00:00', '1754270827'),
(1271, 'BARRE', '459', '101', '60 min', 'Ananda', '17', '0', '1', NULL, '2025-08-08 07:00:00', '2025-08-08 08:00:00', '1754270881'),
(1272, 'BARRE', '466', '92', '55 min', 'Ananda', '17', '0', '1', NULL, '2025-08-04 08:15:00', '2025-08-04 09:10:00', '1754273579'),
(1273, 'BARRE', '458', '20', '60 min', 'Ananda', '17', '0', '1', NULL, '2025-08-04 07:00:00', '2025-08-04 08:00:00', '1754277985'),
(1274, 'PILATES', '497', '20', '60 min', 'Connie', '6', '0', '1', NULL, '2025-08-05 07:00:00', '2025-08-05 08:00:00', '1754278013'),
(1275, 'PILATES', '505', '102', '50 min', 'Connie', '6', '0', '1', NULL, '2025-08-05 19:10:00', '2025-08-05 20:00:00', '1754281800'),
(1277, 'PILATES', '622', '102', '50 min', 'Connie', '6', '0', '1', NULL, '2025-08-07 18:10:00', '2025-08-07 19:00:00', '1754281857'),
(1278, 'BARRE', '647', '102', '60 min', 'Valeria', '21', '0', '1', NULL, '2025-08-10 08:30:00', '2025-08-10 09:30:00', '1754281868'),
(1280, 'SCULPT', '493', '33', '50 min', 'Beto', '8', '0', '1', NULL, '2025-08-04 20:10:00', '2025-08-04 21:00:00', '1754286917'),
(1281, 'BARRE', '637', '33', '60 min', 'Mariana', '18', '0', '1', NULL, '2025-08-09 08:40:00', '2025-08-09 09:40:00', '1754286955'),
(1282, 'SCULPT', '551', '33', '60 min', 'Artemio', '20', '0', '1', NULL, '2025-08-08 18:30:00', '2025-08-08 19:30:00', '1754287030'),
(1283, 'BARRE', '531', '59', '60 min', 'Gali', '3', '0', '1', NULL, '2025-08-06 18:30:00', '2025-08-06 19:30:00', '1754289875'),
(1284, 'BARRE', '651', '153', '50 min', 'Valeria', '21', '0', '1', NULL, '2025-08-04 19:10:00', '2025-08-04 20:00:00', '1754311097'),
(1285, 'YOGA', '513', '153', '50 min', 'Connie', '6', '0', '1', NULL, '2025-08-05 20:10:00', '2025-08-05 21:00:00', '1754311148'),
(1286, 'PILATES', '506', '153', '50 min', 'Connie', '6', '0', '1', NULL, '2025-08-07 19:10:00', '2025-08-07 20:00:00', '1754311198'),
(1287, 'SCULPT', '551', '153', '60 min', 'Artemio', '20', '0', '1', NULL, '2025-08-08 18:30:00', '2025-08-08 19:30:00', '1754311236'),
(1288, 'BARRE', '651', '54', '50 min', 'Valeria', '21', '0', '1', NULL, '2025-08-04 19:10:00', '2025-08-04 20:00:00', '1754315882'),
(1289, 'BARRE', '531', '54', '60 min', 'Gali', '3', '0', '1', NULL, '2025-08-06 18:30:00', '2025-08-06 19:30:00', '1754316011'),
(1290, 'BARRE', '637', '54', '60 min', 'Mariana', '18', '1', '1', NULL, '2025-08-09 08:40:00', '2025-08-09 09:40:00', '1754317209'),
(1291, 'PILATES', '622', '111', '50 min', 'Connie', '6', '0', '1', NULL, '2025-08-07 18:10:00', '2025-08-07 19:00:00', '1754317566'),
(1292, 'BARRE', '647', '111', '60 min', 'Valeria', '21', '0', '1', NULL, '2025-08-10 08:30:00', '2025-08-10 09:30:00', '1754317593'),
(1293, 'PILATES', '497', '199', '60 min', 'Connie', '6', '0', '1', NULL, '2025-08-05 07:00:00', '2025-08-05 08:00:00', '1754317671'),
(1294, 'PILATES', '624', '111', '50 min', 'Connie', '6', '0', '1', NULL, '2025-08-14 18:10:00', '2025-08-14 19:00:00', '1754317694'),
(1295, 'SCULPT', '655', '111', '60 min', 'Artemio', '20', '0', '1', NULL, '2025-08-17 08:30:00', '2025-08-17 09:30:00', '1754317726'),
(1296, 'BARRE', '488', '111', '50 min', 'Valeria', '21', '0', '1', NULL, '2025-08-18 18:10:00', '2025-08-18 19:00:00', '1754317790'),
(1298, 'SCULPT', '493', '117', '50 min', 'Beto', '8', '0', '1', NULL, '2025-08-04 20:10:00', '2025-08-04 21:00:00', '1754321882'),
(1299, 'SCULPT', '493', '186', '50 min', 'Beto', '8', '0', '1', NULL, '2025-08-04 20:10:00', '2025-08-04 21:00:00', '1754321991'),
(1300, 'SCULPT', '493', '186', '50 min', 'Beto', '8', '0', '1', NULL, '2025-08-04 20:10:00', '2025-08-04 21:00:00', '1754322000'),
(1301, 'BARRE', '667', '102', '60 min', 'Gali', '3', '0', '1', NULL, '2025-08-06 19:40:00', '2025-08-06 20:40:00', '1754322024'),
(1302, 'BARRE', '667', '172', '60 min', 'Gali', '3', '0', '1', NULL, '2025-08-06 19:40:00', '2025-08-06 20:40:00', '1754322093'),
(1303, 'BARRE', '667', '186', '60 min', 'Gali', '3', '0', '1', NULL, '2025-08-06 19:40:00', '2025-08-06 20:40:00', '1754322169'),
(1304, 'BARRE', '667', '117', '60 min', 'Gali', '3', '0', '1', NULL, '2025-08-06 19:40:00', '2025-08-06 20:40:00', '1754322191'),
(1306, 'BARRE', '667', '21', '60 min', 'Gali', '3', '0', '1', NULL, '2025-08-06 19:40:00', '2025-08-06 20:40:00', '1754326763'),
(1307, 'BARRE', '633', '21', '60 min', 'Mariana', '18', '0', '1', NULL, '2025-08-09 07:30:00', '2025-08-09 08:30:00', '1754326847'),
(1308, 'BARRE', '531', '65', '60 min', 'Gali', '3', '0', '1', NULL, '2025-08-06 18:30:00', '2025-08-06 19:30:00', '1754329472');

-- --------------------------------------------------------

--
-- Estructura de tabla para la tabla `transacciones`
--

CREATE TABLE `transacciones` (
  `id` int(11) NOT NULL,
  `user` varchar(255) DEFAULT NULL,
  `monto` varchar(255) DEFAULT NULL,
  `creditos` varchar(255) DEFAULT NULL,
  `numero` varchar(255) DEFAULT NULL,
  `metodo` varchar(255) DEFAULT NULL,
  `idpago` varchar(255) DEFAULT NULL,
  `mrecibido` varchar(255) DEFAULT NULL,
  `fecha` varchar(200) DEFAULT NULL
) ENGINE=InnoDB DEFAULT CHARSET=utf8mb4 COLLATE=utf8mb4_general_ci;

--
-- Volcado de datos para la tabla `transacciones`
--

INSERT INTO `transacciones` (`id`, `user`, `monto`, `creditos`, `numero`, `metodo`, `idpago`, `mrecibido`, `fecha`) VALUES
(1, '8', '2199', '9999', '4611245875', '2', '06913977', '2199', '2025-05-09 11:22:47'),
(7, '9', '1999', '16', '4778506999', '1', '26195440', '1999', '2025-05-09 11:55:59'),
(8, '4', '2199', '9999', '4773920168', '1', '39628987', '2199', '2025-05-13 15:42:52'),
(9, '2', '170', '1', '4772754753', '3', '1323543286', '158.47', '2025-05-29 17:10:54'),
(10, '24', '150', '1', '8331462986', '3', '114913783978', '139.28', '2025-06-12 16:55:53'),
(11, '18', '1250', '8', '4771352020', '1', '33795697', '1250', '2025-06-13 08:49:08'),
(12, '20', '1699', '12', '4761075384', '1', '98171331', '1699', '2025-06-13 08:50:47'),
(13, '22', '2199', '9999', '4771473882', '1', '07320218', '2199', '2025-06-13 08:52:28'),
(14, '21', '1999', '16', '4777879312', '1', '97758191', '1999', '2025-06-13 08:54:39'),
(15, '27', '2199', '9999', '4727388054', '3', '115123032910', '2105.3', '2025-06-14 11:07:12'),
(16, '30', '2199', '9999', '6681250330', '1', '02118414', '2199', '2025-06-16 10:28:05'),
(17, '34', '150', '1', '4432447219', '3', '115360063798', '139.28', '2025-06-16 17:37:01'),
(18, '9', '1999', '16', '4778506999', '1', '15204134', '1999', '2025-06-16 18:24:22'),
(19, '38', '150', '1', '4776385694', '1', '17980679', '150', '2025-06-16 19:39:18'),
(20, '38', '170', '1', '4776385694', '2', '45536477', '170', '2025-06-16 19:48:33'),
(21, '42', '150', '1', '4776401719', '3', '115376814790', '139.28', '2025-06-16 21:26:11'),
(22, '43', '150', '1', '4772660391', '3', '115376975064', '139.28', '2025-06-16 21:39:34'),
(23, '47', '150', '1', '6564372699', '3', '114953478153', '139.28', '2025-06-17 10:54:55'),
(24, '49', '650', '4', '4776756077', '3', '115005701393', '619.03', '2025-06-17 18:39:40'),
(25, '21', '1699', '12', '4777879312', '1', '87863650', '1699', '2025-06-18 11:50:46'),
(26, '59', '1250', '8', '4736529541', '2', '48314184', '1250', '2025-06-18 19:42:39'),
(27, '67', '150', '1', '4775816711', '3', '115200811547', '139.28', '2025-06-19 11:39:08'),
(28, '76', '1250', '8', '4771369813', '3', '115255306431', '1194.73', '2025-06-19 20:10:02'),
(29, '35', '3399', '25', '4775942190', '1', '58479018', '3399', '2025-06-20 07:08:54'),
(30, '24', '170', '1', '8331462986', '3', '115774410968', '158.47', '2025-06-20 07:25:59'),
(31, '63', '150', '1', '4791012013', '3', '115847183324', '139.28', '2025-06-20 17:50:09'),
(32, '82', '150', '1', '4771371932', '3', '115360707645', '139.28', '2025-06-20 17:54:00'),
(33, '83', '150', '1', '4771122013', '3', '115864780196', '139.28', '2025-06-20 21:11:13'),
(34, '40', '170', '1', '4777933341', '1', '88531764', '170', '2025-06-21 10:50:06'),
(35, '78', '1899', '16', '4725654195', '3', '115974575092', '1817.45', '2025-06-21 23:02:45'),
(36, '88', '150', '1', '4624827821', '3', '115541327331', '139.28', '2025-06-22 16:22:34'),
(37, '90', '650', '4', '2226626041', '3', '116039229612', '619.03', '2025-06-22 18:38:52'),
(38, '47', '170', '1', '6564372699', '3', '115605301785', '158.47', '2025-06-23 09:13:23'),
(39, '95', '150', '1', '4771063842', '3', '115641409281', '139.28', '2025-06-23 14:48:57'),
(40, '91', '1250', '8', '4773930709', '2', '21331711', '1250', '2025-06-23 20:17:17'),
(41, '40', '1699', '12', '4777933341', '1', '35112242', '1699', '2025-06-24 07:32:09'),
(42, '101', '2199', '9999', '4772016133', '3', '115704192225', '2105.3', '2025-06-24 08:00:39'),
(43, '20', '1699', '12', '4761075384', '1', '47309799', '1699', '2025-06-24 10:41:35'),
(44, '103', '650', '4', '4641662532', '3', '115734871131', '619.03', '2025-06-24 13:10:53'),
(45, '102', '650', '4', '3317168436', '3', '116268936820', '619.03', '2025-06-24 21:33:18'),
(46, '70', '650', '4', '4777930884', '3', '116276362550', '619.03', '2025-06-25 00:52:15'),
(47, '56', '1699', '12', '4777060406', '1', '40609450', '1699', '2025-06-25 18:41:00'),
(48, '115', '170', '1', '4776391339', '3', '116165031033', '158.47', '2025-06-28 09:00:33'),
(49, '28', '1250', '8', '4721236381', '3', '116226019261', '1194.73', '2025-06-28 17:53:54'),
(50, '88', '170', '1', '4624827821', '3', '116781016714', '158.47', '2025-06-29 13:34:56'),
(51, '79', '1250', '8', '4772748527', '3', '116781685740', '1194.73', '2025-06-29 13:53:16'),
(52, '96', '650', '4', '2291455701', '3', '116310836327', '619.03', '2025-06-29 18:03:43'),
(53, '64', '2199', '9999', '8188685198', '1', '40763904', '2199', '2025-06-30 08:18:28'),
(54, '122', '650', '4', '4774495819', '3', '116373031235', '619.03', '2025-06-30 10:38:08'),
(55, '124', '150', '1', '4776710957', '3', '116383803005', '139.28', '2025-06-30 12:08:10'),
(56, '110', '150', '1', '4777027867', '3', '116386986793', '139.28', '2025-06-30 12:33:57'),
(57, '2', '150', '1', '4772754753', '3', '116878487750', '139.28', '2025-06-30 12:34:12'),
(58, '111', '5100', '9999', '4775642013', '3', '116398276093', '4888.81', '2025-06-30 14:20:22'),
(59, '125', '150', '1', '4777009604', '3', '116417343361', '139.28', '2025-06-30 16:26:28'),
(60, '8', '650', '4', '4611245875', '3', '116435770855', '619.03', '2025-06-30 19:04:31'),
(61, '90', '650', '4', '2226626041', '2', '04650952', '650', '2025-06-30 19:06:55'),
(62, '127', '1250', '8', '4624835613', '1', '47311042', '1250', '2025-06-30 19:14:53'),
(63, '128', '1250', '8', '4777546497', '2', '49023582', '1250', '2025-06-30 19:59:36'),
(64, '130', '1250', '8', '4775729330', '3', '116964565296', '1194.73', '2025-07-01 06:39:27'),
(65, '23', '1250', '8', '4422843561', '3', '117054446682', '1194.73', '2025-07-01 18:57:38'),
(66, '37', '1250', '8', '4771177855', '2', '55937638', '1250', '2025-07-01 19:02:28'),
(67, '135', '650', '4', '4776735084', '2', '79917321', '650', '2025-07-01 20:06:47'),
(68, '132', '1759.2', '9999', '4737375883', '3', '117095618764', '1683.31', '2025-07-02 07:03:50'),
(69, '131', '1250', '8', '4778338989', '1', '75171002', '1250', '2025-07-02 07:17:53'),
(70, '137', '170', '1', '4777047627', '3', '117183807896', '158.47', '2025-07-02 20:19:50'),
(71, '123', '1250', '8', '4775789787', '2', '74074349', '1250', '2025-07-02 20:43:34'),
(72, '139', '650', '4', '4492800581', '1', '96558908', '650', '2025-07-02 20:52:45'),
(73, '141', '650', '4', '4731475190', '3', '117282946700', '619.03', '2025-07-03 16:04:30'),
(74, '143', '1250', '8', '4773374360', '2', '17030655', '1250', '2025-07-03 18:05:28'),
(75, '145', '1899', '16', '4773922840', '2', '44872982', '1899', '2025-07-03 20:17:12'),
(76, '147', '1759.2', '9999', '4771516327', '3', '116877259641', '1683.31', '2025-07-04 10:28:43'),
(77, '48', '1759.2', '9999', '4779175159', '3', '117394921822', '1683.31', '2025-07-04 13:27:58'),
(78, '25', '2800', '20', '3331985384', '1', '58261997', '2800', '2025-07-05 09:04:55'),
(79, '117', '150', '1', '4731111807', '3', '117569275212', '139.28', '2025-07-05 19:41:12'),
(80, '150', '150', '1', '8717909828', '3', '117580589562', '139.28', '2025-07-05 23:13:10'),
(81, '133', '1759.2', '9999', '4777049320', '3', '117159568509', '1683.31', '2025-07-06 18:16:20'),
(82, '66', '170', '1', '4778595092', '3', '117726064662', '158.47', '2025-07-07 10:10:03'),
(83, '152', '150', '1', '4792347661', '3', '117227445771', '139.28', '2025-07-07 10:10:40'),
(84, '33', '1250', '8', '6142506113', '3', '117748313150', '1194.73', '2025-07-07 13:17:57'),
(85, '93', '650', '4', '2221545792', '3', '117763842452', '619.03', '2025-07-07 15:12:20'),
(86, '118', '1759.2', '9999', '4772453388', '3', '117300045081', '1683.31', '2025-07-07 20:00:16'),
(87, '154', '1250', '8', '4931366438', '2', '37169913', '1250', '2025-07-07 20:19:08'),
(88, '89', '1250', '8', '4737382323', '1', '98279523', '1250', '2025-07-08 08:16:21'),
(89, '156', '150', '1', '4777378404', '3', '117364335019', '139.28', '2025-07-08 10:41:10'),
(90, '157', '650', '4', '4612084183', '3', '117871707188', '619.03', '2025-07-08 12:05:40'),
(91, '162', '150', '1', '4775948689', '3', '118032054984', '139.28', '2025-07-09 18:39:15'),
(92, '161', '150', '1', '4791114633', '3', '118046460474', '139.28', '2025-07-09 23:24:14'),
(93, '125', '1250', '8', '4777009604', '3', '118104719894', '1194.73', '2025-07-10 11:04:19'),
(94, '20', '1699', '12', '4761075384', '3', '118172783596', '1625.55', '2025-07-10 21:02:00'),
(95, '70', '650', '4', '4777930884', '3', '118181401112', '619.03', '2025-07-11 01:59:48'),
(96, '80', '1250', '8', '4775282240', '1', '47198741', '1250', '2025-07-11 08:13:38'),
(97, '82', '170', '1', '4771371932', '3', '118229583790', '158.47', '2025-07-11 10:02:14'),
(98, '63', '170', '1', '4791012013', '3', '118231678376', '158.47', '2025-07-11 10:05:59'),
(99, '164', '150', '1', '3337847874', '3', '117760330921', '139.28', '2025-07-11 14:33:21'),
(100, '8', '650', '4', '4611245875', '3', '118273047704', '619.03', '2025-07-11 15:51:56'),
(101, '167', '150', '1', '4736529048', '3', '117804051475', '139.28', '2025-07-11 20:47:02'),
(102, '96', '150', '1', '2291455701', '3', '118493788652', '139.28', '2025-07-13 18:03:00'),
(103, '170', '150', '1', '5529717410', '3', '118002933725', '139.28', '2025-07-13 21:43:31'),
(104, '102', '1759.2', '9999', '3317168436', '3', '118543422400', '1683.31', '2025-07-14 08:08:49'),
(105, '122', '2199', '9999', '4774495819', '1', '41739927', '2199', '2025-07-14 08:19:05'),
(106, '171', '650', '4', '4775234995', '3', '118549804084', '619.03', '2025-07-14 09:19:10'),
(107, '156', '170', '1', '4777378404', '3', '118575012508', '158.47', '2025-07-14 12:37:05'),
(108, '65', '2199', '9999', '4778478047', '1', '17288333', '2199', '2025-07-14 13:18:04'),
(109, '153', '1759.2', '9999', '4777521853', '3', '118077275095', '1683.31', '2025-07-14 13:48:50'),
(110, '88', '170', '1', '4624827821', '3', '118101945415', '158.47', '2025-07-14 16:58:15'),
(111, '96', '1250', '8', '2291455701', '3', '118114830741', '1194.73', '2025-07-14 18:50:48'),
(112, '59', '1250', '8', '4736529541', '3', '118676722406', '1194.73', '2025-07-15 09:22:44'),
(113, '110', '170', '1', '4777027867', '3', '118203318765', '158.47', '2025-07-15 13:49:07'),
(114, '156', '170', '1', '4777378404', '3', '118727877604', '158.47', '2025-07-15 16:28:56'),
(115, '76', '1250', '8', '4771369813', '3', '118288305411', '1194.73', '2025-07-16 08:01:24'),
(116, '172', '1899', '16', '4771817267', '3', '118842301300', '1817.45', '2025-07-16 15:09:36'),
(117, '22', '2199', '9999', '4771473882', '1', '46035771', '2199', '2025-07-17 07:58:45'),
(118, '27', '2199', '9999', '4727388054', '1', '12796510', '2199', '2025-07-17 08:10:49'),
(119, '175', '150', '1', '4771263996', '3', '118480412637', '139.28', '2025-07-17 17:59:48'),
(120, '167', '170', '1', '4736529048', '3', '118529069333', '158.47', '2025-07-18 07:17:04'),
(121, '179', '150', '1', '4921052008', '3', '118632150347', '139.28', '2025-07-18 23:51:01'),
(122, '180', '150', '1', '4621532535', '3', '119178702758', '139.28', '2025-07-19 10:55:04'),
(123, '181', '150', '1', '6141994173', '3', '119241358934', '139.28', '2025-07-19 20:39:48'),
(124, '178', '150', '1', '4777202072', '3', '118811257967', '139.28', '2025-07-20 18:23:57'),
(125, '183', '150', '1', '4777501458', '3', '119320113212', '139.28', '2025-07-20 18:32:03'),
(126, '107', '1250', '8', '9931081312', '3', '119330781612', '1194.73', '2025-07-20 21:28:24'),
(127, '92', '1250', '8', '4775231318', '3', '118921331987', '1194.73', '2025-07-21 16:56:10'),
(128, '156', '170', '1', '4777378404', '3', '119441241436', '158.47', '2025-07-21 18:28:39'),
(129, '185', '2199', '9999', '2223805477', '2', '07182672', '2199', '2025-07-21 19:15:18'),
(130, '117', '1250', '8', '4731111807', '2', '47350999', '1250', '2025-07-21 20:03:27'),
(131, '182', '1759.2', '9999', '4772602239', '3', '118946905533', '1683.31', '2025-07-21 23:04:49'),
(132, '4', '1250', '8', '4773920168', '1', '78029269', '1250', '2025-07-22 07:21:08'),
(133, '117', '2800', '20', '4731111807', '1', '29038117', '2800', '2025-07-22 14:34:35'),
(134, '4', '2800', '20', '4773920168', '1', '05873186', '2800', '2025-07-22 14:35:17'),
(135, '30', '2199', '9999', '6681250330', '2', '25735260', '2199', '2025-07-22 18:40:46'),
(136, '186', '650', '4', '4776480569', '3', '119568240416', '619.03', '2025-07-22 20:21:31'),
(137, '21', '1699', '12', '4777879312', '3', '119614702706', '1625.55', '2025-07-23 08:56:19'),
(138, '54', '2800', '20', '4771645239', '1', '27824779', '2800', '2025-07-23 19:55:52'),
(139, '190', '2199', '9999', '4772749953', '1', '18748875', '2199', '2025-07-24 18:11:15'),
(140, '192', '2199', '9999', '4773841000', '1', '21662138', '2199', '2025-07-25 20:57:34'),
(141, '101', '2199', '9999', '4772016133', '1', '69073245', '2199', '2025-07-28 07:03:22'),
(142, '195', '1699', '12', '4791011041', '1', '84331874', '1699', '2025-07-28 09:35:03'),
(143, '91', '1250', '8', '4773930709', '2', '96733297', '1250', '2025-07-28 18:59:29'),
(144, '40', '650', '4', '4777933341', '2', '95154780', '650', '2025-07-28 19:08:45'),
(146, '196', '650', '4', '4773663624', '1', '15508848', '650', '2025-07-30 08:14:00'),
(147, '198', '150', '1', '4777521356', '3', '120409234520', '139.28', '2025-07-30 13:46:01'),
(148, '197', '150', '1', '4777521272', '3', '120408399736', '139.28', '2025-07-30 13:50:23'),
(149, '141', '650', '4', '4731475190', '3', '120419209600', '619.03', '2025-07-30 15:21:18'),
(150, '25', '2800', '20', '3331985384', '1', '88889257', '2800', '2025-07-30 18:46:53'),
(151, '179', '170', '1', '4921052008', '3', '119932226357', '158.47', '2025-07-30 19:34:53'),
(152, '199', '650', '4', '4777653792', '1', '63797307', '650', '2025-07-31 09:49:50'),
(153, '23', '1250', '8', '4422843561', '3', '120563504456', '1194.73', '2025-07-31 17:51:48'),
(154, '109', '650', '4', '4771551030', '1', '02528730', '650', '2025-07-31 19:08:38'),
(155, '87', '2199', '9999', '4432268198', '1', '14830081', '2199', '2025-07-31 20:41:03'),
(156, '162', '170', '1', '4775948689', '3', '120679386070', '158.47', '2025-08-01 15:44:01'),
(157, '200', '150', '1', '4772890623', '3', '120724054972', '139.28', '2025-08-01 23:52:27'),
(158, '60', '2199', '9999', '5543424850', '1', '74163433', '2199', '2025-08-02 08:13:41'),
(159, '116', '1899', '16', '4491737513', '3', '120864780112', '1817.45', '2025-08-03 09:44:37'),
(160, '197', '650', '4', '4777521272', '3', '120879471566', '619.03', '2025-08-03 12:49:41'),
(161, '93', '650', '4', '2221545792', '3', '120395012339', '619.03', '2025-08-03 18:57:14');

-- --------------------------------------------------------

--
-- Estructura de tabla para la tabla `users`
--

CREATE TABLE `users` (
  `id` int(11) NOT NULL,
  `iduser` varchar(255) DEFAULT NULL,
  `tipoUser` varchar(10) DEFAULT NULL,
  `nombre` varchar(255) DEFAULT NULL,
  `apellido` varchar(255) DEFAULT NULL,
  `mail` varchar(255) DEFAULT NULL,
  `numero` varchar(255) DEFAULT NULL,
  `pass` varchar(32) DEFAULT NULL,
  `fecha_nacimiento` varchar(220) DEFAULT NULL,
  `credit` varchar(255) DEFAULT NULL,
  `venceCredit` varchar(20) DEFAULT NULL,
  `fechaCredit` varchar(100) DEFAULT NULL,
  `maxInvitados` varchar(10) DEFAULT NULL,
  `claseBienvenida` varchar(2) DEFAULT NULL,
  `tlogin` varchar(6) DEFAULT NULL,
  `dlogin` varchar(100) DEFAULT NULL,
  `statu` varchar(255) DEFAULT NULL,
  `idpago` varchar(255) DEFAULT NULL,
  `montoPagado` varchar(255) DEFAULT NULL,
  `customer_id` varchar(255) DEFAULT NULL,
  `activo` varchar(255) DEFAULT NULL,
  `fecha` datetime DEFAULT current_timestamp()
) ENGINE=InnoDB DEFAULT CHARSET=utf8mb4 COLLATE=utf8mb4_general_ci;

--
-- Volcado de datos para la tabla `users`
--

INSERT INTO `users` (`id`, `iduser`, `tipoUser`, `nombre`, `apellido`, `mail`, `numero`, `pass`, `fecha_nacimiento`, `credit`, `venceCredit`, `fechaCredit`, `maxInvitados`, `claseBienvenida`, `tlogin`, `dlogin`, `statu`, `idpago`, `montoPagado`, `customer_id`, `activo`, `fecha`) VALUES
(1, NULL, '3', 'Juan Pablo', 'Garza', 'p7171709@gmail.com', '5623192276', 'Admin1', '1996-09-04', '4', '30', '2025-08-28', '0', '0', '641955', '1753810376', 'approved', '1324229322', '650', '1978248947-uHulESnhPGbAxO', '1', '2025-04-30 11:51:27'),
(2, NULL, '3   ', 'Melanie Mtz', 'Martinez', 'melanie.mttz@hotmail.com', '4772754753', 'Melanie123', '', '999973', NULL, '', NULL, '1', '291424', '1754316420', 'approved', '116878487750', '150', '2238043126-m3Rnc1Wnhgml0u', '1', '2025-05-01 15:40:25'),
(4, NULL, '3  ', 'Stephania', 'Martinez', 'stephy.mtz@hotmail.com', '4773920168', 'Loki1', '', '18', '30', '2025-08-21', '3', NULL, '558991', '1754272585', 'approved', '05873186', '2800', NULL, '1', '2025-05-05 11:56:16'),
(5, NULL, '2', 'Maria', 'Ramirez', 'mfrv0107@gmail.com', '4775805580', NULL, '1998-07-01', '0', NULL, NULL, NULL, NULL, NULL, NULL, NULL, NULL, NULL, NULL, '1', '2025-05-05 12:37:59'),
(6, NULL, '2', 'Regina', 'Vivero', 'reginavivero99@gmail.com', '4773937553', NULL, '1999-22-02', '0', NULL, NULL, NULL, NULL, '651263', '1746471296', NULL, NULL, NULL, NULL, '1', '2025-05-05 12:54:18'),
(7, NULL, '2', 'Humberto', 'Vargas', 'humbertovargas1011@gmail.com', '4775776203', '', '1997-10-11', '50', NULL, '', NULL, NULL, '344346', '1746475331', NULL, NULL, NULL, NULL, '1', '2025-05-05 14:02:02'),
(8, NULL, '1', 'Fabiola', 'Pedraza Landeros', 'fabiola.pl369@gmail.com', '4611245875', 'Fabiola6', '02-05-1995', '1', '30', '2025-08-28', '0', '0', '892001', '1753920563', 'approved', '120276038840', '650', '1666072933-3UlNhp5Ib3nw1J', '1', '2025-05-05 19:33:05'),
(9, NULL, '3      ', 'Dayan', 'Flores', 'floressilvaitzurydayan@gmail.com', '4778506999', 'Dayan12345', '', '4', '30', '2025-08-15', '0', NULL, '693233', '1754090415', 'approved', '15204134', '1999', NULL, NULL, '2025-05-09 17:32:44'),
(16, NULL, '1', 'Mariana', 'Torres', 'mariana.torres@hotmail.com', '4772754756', 'Marianatorres', '01-01-2025', '0', NULL, NULL, NULL, NULL, '390564', '1748888961', NULL, NULL, NULL, NULL, '1', '2025-06-02 18:28:59'),
(17, NULL, '1', 'Jimena', 'Martinez', 'jime.mtz@hotmail.com', '4771235847', 'Jimena1234', '08-09-1996', '3', NULL, '', NULL, NULL, '136360', '1749429359', NULL, NULL, NULL, NULL, '1', '2025-06-09 00:18:33'),
(18, NULL, '1', 'Vianney', 'Castellanos', 'vianney.9713@hotmail.com', '4771352020', 'Enanitos13', '', '0', '30', '2025-08-08', '0', NULL, '991951', '1753285799', 'approved', '33795697', '1250', NULL, '1', '2025-06-11 17:53:32'),
(19, NULL, '1', 'Judith', 'LóPez', 'judith.lopez.ramirez@gmail.com', '4771711666', 'hT06ju$87d', '06-12-1987', '0', NULL, NULL, NULL, NULL, '406551', '1749667217', NULL, NULL, NULL, NULL, '1', '2025-06-11 18:36:27'),
(20, NULL, '1', 'Reyna', 'Lozano', 'mareyna94@hotmail.com', '4761075384', 'Mralh2208', '22-08-1994', '0', '30', '2025-08-09', '0', NULL, '468436', '1754277960', 'approved', '118172783596', '1699', '2553136288-9X2mH7pHpogPSA', '1', '2025-06-11 18:38:00'),
(21, NULL, '1', 'Melissa', 'Sanchez', 'msanvaz8@gmail.com', '4777879312', 'Mila21052019', '2025-06-13', '6', '30', '2025-08-22', '0', NULL, '501218', '1754326708', 'approved', '119614702706', '1699', '1429197589-01SeB3pLWBFbdb', '1', '2025-06-12 01:31:52'),
(22, NULL, '1', 'FáTima Dominguez', 'DomíNguez', 'fatima.dominguez.o@hotmail.com', '4771473882', 'Fatima23', '', '9992', '30', '2025-08-16', '0', NULL, '894336', '1753831179', 'approved', '46035771', '2199', NULL, '1', '2025-06-12 03:53:40'),
(23, NULL, '1', 'Leticia', 'Ortega', 'lety_1196@hotmail.com', '4422843561', 'tisxif-Pujpo8-zuddow', '2025-07-03', '6', '30', '2025-08-30', '0', '0', '221328', '1754002756', 'approved', '120563504456', '1250', '1248077935-2d2gsIRMPl2Z06', '1', '2025-06-12 13:07:55'),
(24, NULL, '1', 'Elsy', 'Moctezuma', 'eymoctezumaf@hotmail.com', '8331462986', 'yuketzy00', '31-07-1988', '0', NULL, NULL, NULL, '1', '476011', '1753739800', 'approved', '115774410968', '170', '1634350223-2dqyIh1YR8xvpo', '1', '2025-06-12 17:18:09'),
(25, NULL, '1', 'Vanessa', 'Calil', 'vcalilr@gmail.com', '3331985384', 'Roman22', '', '18', '30', '2025-08-29', '3', NULL, '462983', '1754323816', 'approved', '88889257', '2800', NULL, '1', '2025-06-13 03:11:56'),
(26, NULL, '1', 'Patricia', 'Michel', 'patymichel22@gmail.com', '4771688890', 'Mokisho22*', '22-02-1985', '0', NULL, NULL, NULL, NULL, '744498', '1750631380', NULL, NULL, NULL, NULL, '1', '2025-06-13 13:01:44'),
(27, NULL, '1', 'Rosa', 'DíAz GutiéRrez', 'dg_rosa24@hotmail.com', '4727388054', 'Heri3010', '', '9991', '30', '2025-08-16', '0', NULL, '643924', '1753917779', 'approved', '12796510', '2199', '2251705141-XxvYrJyzeeEeCk', '1', '2025-06-14 15:46:27'),
(28, NULL, '1', 'Berenisse Jasso', '', 'berenissejasso23@gmail.com', '4721236381', 'Truffita23', '', '7', '30', '2025-08-26', '0', '0', '125053', '1754233824', 'approved', '119598926793', '1250', '2042316664-TXHWlSZOZzxNzQ', '1', '2025-06-14 17:50:44'),
(29, NULL, '1', 'Xime', '', 'ximeniux016@gmail.com', '4931128985', 'Ximena16', '16-01-2006', '0', NULL, NULL, NULL, NULL, '137579', '1750040448', NULL, NULL, NULL, NULL, '1', '2025-06-16 02:20:25'),
(30, NULL, '1', 'Romina Lopez', 'Lopez', 'al02709914@gmail.com', '6681250330', 'Xplorer12!', '', '9987', '30', '2025-08-21', '0', NULL, '511932', '1754228522', 'approved', '25735260', '2199', '2330032729-37hrGvNFIm276x', '1', '2025-06-16 15:34:27'),
(33, NULL, '1', 'Priscilla', 'Cuilty', 'pcuilty.3@gmail.com', '6142506113', '03CuiltyP', '', '0', '30', '2025-08-06', '0', NULL, '200243', '1754286811', 'approved', '117748313150', '1250', '1639874635-JIBRcx8fOSkWK0', '1', '2025-06-16 23:13:23'),
(34, NULL, '1', 'Martha', 'Lucia Alejandri', 'alejandri_lucia@hotmail.com', '4432447219', 'Silaomexico2025', '18-07-1990', '0', NULL, NULL, NULL, '1', '199246', '1750116717', 'approved', '115360063798', '150', '1560713250-rNE7gPfV5eoakm', '1', '2025-06-16 23:31:49'),
(37, NULL, '1', 'Estefy', 'Uranga', 'estefaniauranga13@gmail.com', '4771177855', 'Afypolla928013', '', '0', NULL, NULL, NULL, NULL, '512765', '1753805586', 'approved', '55937638', '1250', NULL, '1', '2025-06-17 01:33:55'),
(38, NULL, '1', 'Teresita de jesus', 'Moreno', 'aseretmp@hotmail.com', '4776385694', 'TERESA123', '', '0', NULL, NULL, NULL, '1', '807169', '1750124438', 'approved', '45536477', '170', NULL, NULL, '2025-06-17 01:34:33'),
(40, NULL, '1', 'Erica', 'Ortiz ', 'erica.ortizcoronado@gmail.com', '4777933341', 'erica2345', '01-02-1983', '1', '30', '2025-08-27', '0', NULL, '332405', '1753892375', 'approved', '95154780', '650', NULL, NULL, '2025-06-17 02:17:57'),
(42, NULL, '1', 'Anaid', 'Montalvo', 'anaidce.ms@gmail.com', '4776401719', 'chimichurri', '16-02-1990', '0', NULL, NULL, NULL, '1', '605652', '1750130593', 'approved', '115376814790', '150', '2498913495-5xr7b3VxaXLyID', '1', '2025-06-17 03:22:45'),
(43, NULL, '1', 'Sofia', 'Lopez', 'sofialopezg_@hotmail.com', '4772660391', 'Motorolax1!', '25-10-1990', '0', NULL, NULL, NULL, '1', '768294', '1750131431', 'approved', '115376975064', '150', '2498930453-ZUNHo6sRNnlEjP', '1', '2025-06-17 03:37:00'),
(44, NULL, '1', 'Esperanza', 'Sanchez', '', '4775920092', '', '', '9968', NULL, NULL, NULL, NULL, NULL, NULL, NULL, NULL, NULL, NULL, NULL, '2025-06-17 13:14:45'),
(46, NULL, '1', 'Daniela Salas', '', 'dani_salas_b@outlook.com', '4646451201', 'Justmyself16', '', '0', NULL, NULL, NULL, NULL, '866549', '1751586837', NULL, NULL, NULL, NULL, '1', '2025-06-17 14:03:30'),
(47, NULL, '1', 'Ivonne', 'Portillo', 'ivonnporce_@hotmail.com', '6564372699', 'Taquito123', '17-08-1991', '0', NULL, NULL, NULL, '1', '718462', '1753202766', 'approved', '115605301785', '170', '1912687036-ooPf0bBfaf6EKE', '1', '2025-06-17 16:50:53'),
(48, NULL, '1', 'Andrea Mendez', ' Rizo', 'andreamendezr10@gmail.com', '4779175159', 'Andrea2025', '', '0', NULL, NULL, NULL, NULL, '398316', '1754281261', 'approved', '117394921822', '1759.2', '2496590981-7acMKAb7PSJNEd', '1', '2025-06-17 22:08:19'),
(49, NULL, '1', 'Marlene', 'MuñIz', 'mar.munizvillagrana@gmail.com', '4776756077', 'CARPEdiem25', '25-11-1996', '0', NULL, NULL, NULL, NULL, '892077', '1751064747', 'approved', '115005701393', '650', '1719716318-AMPmVqgUpqW6Ul', '1', '2025-06-18 00:34:59'),
(51, NULL, '1', 'Laura Maza', '', 'lau.mv05@icloud.com', '5565107818', 'Laura1234', '', '0', NULL, NULL, NULL, NULL, '336436', '1751032228', NULL, NULL, NULL, NULL, NULL, '2025-06-18 01:06:55'),
(52, NULL, '1', 'Mayra', 'Rodriguez', 'siendomayra@gmail.com', '4111180215', 'Mayraro123', '', '4', NULL, NULL, NULL, NULL, NULL, NULL, NULL, NULL, NULL, NULL, NULL, '2025-06-18 03:15:15'),
(54, NULL, '1', 'Andrea/Ximena Bizuet', '', 'bive1790@gmail.com', '4771645239', 'Bive1790', '', '12', '30', '2025-08-22', '3', NULL, '713336', '1754315827', 'approved', '27824779', '2800', NULL, '1', '2025-06-18 23:53:48'),
(55, NULL, '1', 'Daniela', 'Martinez', 'danielamartzh@gmail.com', '4772597900', 'Consty29#', '', '0', NULL, '', NULL, NULL, '839067', '1751640413', NULL, NULL, NULL, NULL, '1', '2025-06-19 01:25:03'),
(56, NULL, '1', 'Fatima', 'Lemus', 'fattylemd@gmail.com', '4777060406', 'Lemus1234', '', '9994', '30', '2025-08-25', '0', '0', '554492', '1754174821', 'approved', '120026199868', '1759.2', '1545568767-PYT1zOYvj5qLXn', NULL, '2025-06-19 01:37:09'),
(59, NULL, '1', 'Berenice', 'Ramirez', 'bere.ramirez15@gmail.com', '4736529541', 'humanos2023', '', '0', '30', '2025-08-14', '0', NULL, '606998', '1754289537', 'approved', '118676722406', '1250', '1558407571-iNyOtx3bJmWdtL', NULL, '2025-06-19 01:42:24'),
(60, NULL, '1', 'Suced', 'Arano', 'tisty15@hotmail.com', '5543424850', 'Marano38', '', '9998', '30', '2025-09-01', '0', NULL, '660381', '1754111078', 'approved', '74163433', '2199', NULL, '1', '2025-06-19 02:55:21'),
(61, NULL, '1', 'Karla Piña', '', 'pinamendez88@icloud.com', '4771238660', 'American.30', '', '2', NULL, '2025-08-10', NULL, NULL, '958386', '1751328286', NULL, NULL, NULL, NULL, '1', '2025-06-19 03:02:01'),
(62, NULL, '1', 'Mónica', 'Meza', 'beell_98@icloud.com', '6221731002', 'Beell9809', '08-09-1998', '0', NULL, NULL, NULL, NULL, '883810', '1751267587', NULL, NULL, NULL, NULL, '1', '2025-06-19 05:06:08'),
(63, NULL, '1', 'Nadya', 'Duran', 'nadya.duranr@gmail.com', '4791012013', '123456', '02-10-2006', '0', NULL, NULL, NULL, '1', '543913', '1752893665', 'approved', '118231678376', '170', '2506221075-A6QUYUkfsC2196', '1', '2025-06-19 05:09:45'),
(64, NULL, '1', 'Teresa', 'Lozano', 'teressaalozano@gmail.com', '8188685198', 'arte0721', '', '0', NULL, NULL, NULL, NULL, '629568', '1753989812', 'approved', '40763904', '2199', NULL, '1', '2025-06-19 11:56:09'),
(65, NULL, '1', 'Yomara', 'Hdz', 'nicole.hbe@outlook.com', '4778478047', 'Yomara123', '15-02-1996', '9980', '30', '2025-08-13', '0', NULL, '441683', '1754316500', 'approved', '17288333', '2199', '2508125776-IpWlI9rSF9JbdO', '1', '2025-06-19 14:35:32'),
(66, NULL, '1', 'Sandy', 'Angel', 'itzelangel.lox@gmail.com', '4778595092', 'Sandy12345', '03-07-1993', '0', NULL, NULL, NULL, NULL, '945465', '1752459552', 'approved', '117726064662', '170', '2538571879-yyw73UYh8REEHe', '1', '2025-06-19 16:43:57'),
(67, NULL, '1', 'Paulina', 'Reyes', 'paureyal.90@gmail.com', '4775816711', 'Pau181290', '18-12-1990', '0', NULL, NULL, NULL, '1', '959573', '1754201020', 'approved', '115200811547', '150', '2280714940-4A25hIL9AMbpmv', '1', '2025-06-19 17:36:19'),
(68, NULL, '1', 'Silvia', 'SáEnz', 'silvia_sm7@hotmail.com', '8711581420', 'SebastianSa27', '', '0', NULL, NULL, NULL, NULL, '604313', '1750737318', NULL, NULL, NULL, NULL, '1', '2025-06-19 20:05:36'),
(69, NULL, '1', 'Diana', 'Jimenez', 'dianis_1195@hotmail.com', '4775216114', 'Diana1195', '01-09-1995', '0', NULL, NULL, NULL, NULL, '948916', '1750374417', NULL, NULL, NULL, NULL, '1', '2025-06-19 23:06:50'),
(70, NULL, '1', 'Paola Fernanda', 'Buzo SáNchez', 'paolafernandalarregui.10@gmail.com', '4777930884', 'maruchan', '10-03-2001', '2', '30', '2025-08-10', '0', NULL, '480306', '1754291656', 'approved', '118181401112', '650', '1756444139-fHFI41DhJWLzJX', '1', '2025-06-19 23:44:34'),
(71, NULL, '1', 'Arthur', '', 'isc.villavicencio16@gmail.com', '2881209736', '19909012', '15-12-1990', '0', NULL, NULL, NULL, NULL, '775310', '1750377299', NULL, NULL, NULL, NULL, '1', '2025-06-19 23:54:20'),
(72, NULL, '1', 'Marisol', 'GutiéRrez', 'marisol.esthefaniagc@gmail.com', '4775774639', 'Marisol93', '', '0', NULL, NULL, NULL, NULL, '910043', '1754227486', NULL, NULL, NULL, NULL, '1', '2025-06-20 00:00:13'),
(73, NULL, '1', 'Melanie', '', 'sofiamelanie011@gmail.com', '4776464543', 'melanie06', '06-11-2006', '0', NULL, NULL, NULL, NULL, '612310', '1751305432', NULL, NULL, NULL, NULL, '1', '2025-06-20 00:36:07'),
(74, NULL, '1', 'Elba', 'Figueroa', 'ellafigueroa@hotmail.com', '4612302710', 'Milo16..', '16-05-1994', '0', NULL, NULL, NULL, NULL, '234265', '1751675449', NULL, NULL, NULL, NULL, '1', '2025-06-20 00:42:08'),
(76, NULL, '1', 'Nancy', 'Carrillo Carrillo', 'ramirezcarrillonancyeliza@gmail.com', '4771369813', 'Anaranja2s*', '31-03-1985', '2', '30', '2025-08-15', '0', NULL, '638227', '1754079425', 'approved', '118288305411', '1250', '2509336190-3Esjd0fcpL33Ba', '1', '2025-06-20 02:02:18'),
(78, NULL, '1', 'Lizbeth Nuñez', '', 'nunez21lizbeth@icloud.com', '4725654195', 'liznunez12', '', '0', NULL, NULL, NULL, NULL, '858875', '1753837051', 'approved', '115974575092', '1899', '1885179403-LzG1im3sUmfc2X', NULL, '2025-06-20 02:05:18'),
(79, NULL, '1', 'Isabel', 'Medina', 'isabellmedmatt@icloud.com', '4772748527', 'Sencia@25', '12-11-1993', '0', NULL, NULL, NULL, NULL, '854894', '1751519030', 'approved', '116781685740', '1250', '1523338881-7cFb5C4h3xCbyd', '1', '2025-06-20 03:19:23'),
(80, NULL, '1', 'Andrea Fernandez', 'Fernandez', 'andreafernandezglez@gmail.com', '4775282240', 'Vania14092018', '', '7', '30', '2025-08-10', '0', NULL, '201724', '1751634762', 'approved', '47198741', '1250', NULL, '1', '2025-06-20 15:13:24'),
(81, NULL, '1', 'Daniela', 'Flores Franco', 'daniefloresfranco@gmail.com', '4775810605', 'Danielaflores', '09-07-1999', '0', NULL, NULL, NULL, NULL, '274782', '1750462313', NULL, NULL, NULL, NULL, '1', '2025-06-20 23:31:34'),
(82, NULL, '1', 'Alma Rodriguez', 'Rodriguez', 'a_nadyemi1109@hotmail.com', '4771371932', '123456', '', '0', NULL, NULL, NULL, '1', '773110', '1752327363', 'approved', '118229583790', '170', '2506233279-QgTVUgFfHpVb6Z', '1', '2025-06-20 23:52:42'),
(83, NULL, '1', 'Sheridan Suemmi', 'Esquivel Gonzalez', 'suemmiesquivel@hotmail.com', '4771122013', 'Bellita2095*', '06-11-1995', '0', NULL, NULL, NULL, '1', '869244', '1752470212', 'approved', '115864780196', '150', '1906257706-dP0Ng1ofQAi4At', '1', '2025-06-21 01:09:25'),
(84, NULL, '1', 'Janet', 'Chagoya', 'jan.cha.san@gmail.com', '4776469271', 'Eliel2024', '12-09-1989', '0', NULL, NULL, NULL, NULL, '137394', '1754086484', NULL, NULL, NULL, NULL, '1', '2025-06-21 02:35:18'),
(86, NULL, '1', 'Valeria', 'MuñOz', 'valeriabielkam@gmail.con', '4792216961', 'Valeria3009', '30-09-1992', '0', NULL, NULL, NULL, NULL, '816374', '1750522456', NULL, NULL, NULL, NULL, '1', '2025-06-21 16:13:22'),
(87, NULL, '1', 'Karla González', '', 'kary_gon_lego@hotmail.com', '4432268198', 'Clover2025', '', '9999', '30', '2025-08-30', '0', NULL, '248517', '1754014460', 'approved', '14830081', '2199', NULL, '1', '2025-06-22 18:33:31'),
(88, NULL, '1', 'Ana', 'Rodriguez', 'slayer_belle@hotmail.com', '4624827821', 'Bartolito7', '01-04-1987', '0', NULL, NULL, NULL, '1', '600445', '1753830709', 'approved', '118101945415', '170', '2509312345-Nf9PAgDjLYoOjM', '1', '2025-06-22 22:17:27'),
(89, NULL, '1', 'Fernanda', 'Maldonado Maldonado', 'ghislaine.mb@gmail.com', '4737382323', 'Ghislaine5', '15-02-1995', '4', '30', '2025-08-07', '0', NULL, '799629', '1754102627', 'approved', '98279523', '1250', NULL, '1', '2025-06-22 22:27:49'),
(90, NULL, '1', 'Rafael', 'Bello', 'jesusrafael.sanchezbello@gmail.com', '2226626041', 'Mama0810', '', '0', NULL, NULL, NULL, NULL, '723388', '1753056679', 'approved', '04650952', '650', '2514240058-Fg2ePCIViHOfyl', '1', '2025-06-23 00:32:12'),
(91, NULL, '1', 'Cynthia Alcantara', '', 'calcantara@am.com.mx', '4773930709', 'Cynrene0711', '', '5', '30', '2025-08-27', '0', NULL, '664158', '1754256680', 'approved', '96733297', '1250', NULL, '1', '2025-06-23 04:48:40'),
(92, NULL, '1', 'Vianney campos', 'Campos', 'vianneycg@gmail.com', '4775231318', 'Pitomate#87', '', '3', '30', '2025-08-20', '0', NULL, '226945', '1754273559', 'approved', '118921331987', '1250', '1559289314-BRP3cVrnAVi5qq', '1', '2025-06-23 15:44:20'),
(93, NULL, '1', 'Natzielli', 'Aguilar', 'nelly11_33@hotmail.com', '2221545792', 'xocoLun25!', '', '3', '30', '2025-09-02', '0', '0', '235345', '1754268882', 'approved', '120395012339', '650', '2235630169-3oA600DSc10ch3', '1', '2025-06-23 15:49:36'),
(94, NULL, '1', 'Camila SáNchez', '', 'camiprivadosanchez@gmail.com', '4731937645', 'Cami192401', '', '0', NULL, NULL, NULL, NULL, '928550', '1751923158', NULL, NULL, NULL, NULL, '1', '2025-06-23 19:33:02'),
(95, NULL, '1', 'Karem', 'Osorio', 'karem.roh@gmail.com', '4771063842', 'Kr169510', '16-10-1995', '0', NULL, NULL, NULL, '1', '956359', '1750894398', 'approved', '115641409281', '150', '1557603747-8JiCZ5sEg75Q4N', '1', '2025-06-23 20:45:33'),
(96, NULL, '1', 'Mariel', 'Lagunes', 'mmariel87@hotmail.com', '2291455701', 'Monisys10', '', '0', '30', '2025-08-13', '0', '1', '360346', '1754315651', 'approved', '118114830741', '1250', '2527163686-vJViQHpBolQ9U7', '1', '2025-06-23 22:04:17'),
(97, NULL, '1', 'Elizabeth', 'Huesca SáNchez', 'elihuesca4@gmail.com', '5539441141', 'Elieli4', '04-04-1989', '0', NULL, NULL, NULL, NULL, '789158', '1750719341', NULL, NULL, NULL, NULL, '1', '2025-06-23 22:55:33'),
(98, NULL, '1', 'Yadhira', 'Ramirez', 'yadhira_09@hotmail.com', '4771386879', 'reyaga09', '26-09-1986', '0', NULL, NULL, NULL, NULL, '317449', '1750720794', NULL, NULL, NULL, NULL, '1', '2025-06-23 23:19:45'),
(99, NULL, '1', 'Maria Jose', 'Torres Jimenez', 'marijo_tj@hotmail.com', '3310112412', '53018121488', '14-12-1988', '0', NULL, NULL, NULL, NULL, '512037', '1751251841', NULL, NULL, NULL, NULL, '1', '2025-06-23 23:22:33'),
(100, NULL, '1', 'Lorena', 'Godinez Villa', 'lorena.godinezvilla@gmail.com', '4772948626', 'EjercicioLore3105#', '05-04-1977', '0', NULL, NULL, NULL, NULL, '680964', '1751990612', NULL, NULL, NULL, NULL, '1', '2025-06-24 04:43:45'),
(101, NULL, '1', 'Nancy', 'GutiéRrez', 'nansgutie90@icloud.com', '4772016133', 'Carol619', '01-11-1990', '9989', '30', '2025-08-27', '0', NULL, '531589', '1754270768', 'approved', '69073245', '2199', '2517050768-0uEN423UHC0v5Y', '1', '2025-06-24 13:57:36'),
(102, NULL, '1', 'Jilian', 'JiméNez', 'jilian.corona@hotmail.com', '3317168436', '152128jili', '28-03-1997', '9977', '30', '2025-08-13', '0', NULL, '995064', '1754281747', 'approved', '118543422400', '1759.2', '2351360883-SiKx21cDGcz6cO', '1', '2025-06-24 17:47:44'),
(103, NULL, '1', 'Argelia', 'Valdes', 'margeliavg@gmail.com', '4641662532', 'yoga85', '30-04-1985', '0', NULL, NULL, NULL, NULL, '674489', '1750791895', 'approved', '115734871131', '650', '2517608640-yGf5dIpv2xxgMe', '1', '2025-06-24 19:04:47'),
(104, NULL, '1', 'Sam', '', 'anethloor675@gmail.com', '4773772986', 'Amorazucar17', '', '0', NULL, NULL, NULL, NULL, '290968', '1751410824', NULL, NULL, NULL, NULL, '1', '2025-06-24 19:29:33'),
(105, NULL, '1', 'Camila Milán', '', 'cami.milanm@gmail.com', '4777066141', 'Rubi270221', '', '0', NULL, NULL, NULL, NULL, '841448', '1753134711', NULL, NULL, NULL, NULL, '1', '2025-06-25 01:58:26'),
(107, NULL, '1', 'Viridana', 'Garcia', 'vivi1990@hotmail.com', '9931081312', '12345', '07-09-1990', '6', '30', '2025-08-19', '0', NULL, '100741', '1753484950', 'approved', '119330781612', '1250', '1517553267-L4kaftTUTtxsX8', NULL, '2025-06-26 01:33:28'),
(109, NULL, '1', 'Cristi Cruz', '', 'axc02840@gmail.com', '4771551030', 'Cristi1234', '', '3', '30', '2025-08-30', '0', NULL, '458199', '1750901972', 'approved', '02528730', '650', NULL, NULL, '2025-06-26 01:36:59'),
(110, NULL, '1', 'Valeria', 'Gil ', 'Gilvale1998@gmail.com', '4777027867', 'Vgl65906', '06-12-1998', '0', NULL, NULL, NULL, '1', '678259', '1753318145', 'approved', '118203318765', '170', '2107224616-kzwlsAp2KoKYDB', '1', '2025-06-26 13:27:08'),
(111, NULL, '1', 'Giovanna', 'Granados', 'giobedia18@hotmail.com', '4775642013', 'Dukeynapoleon3!', '16-06-1995', '9956', '90', '2025-09-28', '0', NULL, '149980', '1754317523', 'approved', '116398276093', '5100', '1716747941-nZTALdVXp1bb6d', '1', '2025-06-26 23:20:00'),
(112, NULL, '1', 'Paulina', 'Muñoz', 'aap.muhu@gmail.com', '4775619519', 'Paulina123', '', '0', NULL, NULL, NULL, NULL, '739197', '1752379889', NULL, NULL, NULL, NULL, NULL, '2025-06-27 00:49:13'),
(114, NULL, '1', 'Isis', 'SáNchez', 'vmsanchez73@hotmail.com', '4775866150', '1447isis', '10-09-2008', '0', NULL, NULL, NULL, NULL, '384295', '1751409759', NULL, NULL, NULL, NULL, '1', '2025-06-27 02:21:45'),
(115, NULL, '1', 'Vannia', 'Michelle RamíRez', 'v.michellerv.91@gmail.com', '4776391339', 'Mich8891', '14-05-1993', '0', NULL, NULL, NULL, NULL, '705922', '1751125205', 'approved', '116165031033', '170', '1666751240-mCOOOxmnTWhy5x', '1', '2025-06-28 13:48:06'),
(116, NULL, '1', 'Laura', 'Muniz', 'laura_muniz@live.com', '4491737513', 'Lauch33r', '18-03-1992', '15', '30', '2025-09-02', '0', '0', '459322', '1754255656', 'approved', '120864780112', '1899', '1744992588-CkMG2amOl7B8h7', '1', '2025-06-28 14:29:00'),
(117, NULL, '1', 'Alejandra Anguiano/Andrea gil /Ana /Valeria', '', 'anguianoale@icloud.com', '4731111807', 'London26', '', '10', '30', '2025-08-21', '3', '1', '556133', '1753974235', 'approved', '29038117', '2800', '1822596810-EdgBQBfqLJQYCV', '1', '2025-06-29 01:23:04'),
(118, NULL, '1', 'Ximena', 'LóPez', 'ximenamariem@hotmail.com', '4772453388', 'KiraCasa12', '16-12-2002', '9970', '30', '2025-08-06', '0', NULL, '707355', '1754260048', 'approved', '117300045081', '1759.2', '1630841184-Qczepq2c9EwqLg', '1', '2025-06-29 14:39:46'),
(119, NULL, '1', 'Alejandra', '', 'alejandracelio@gmail.com', '4731223946', '31Enero1989', '31-01-1989', '0', NULL, NULL, NULL, NULL, '881142', '1751220164', NULL, NULL, NULL, NULL, '1', '2025-06-29 18:02:36'),
(120, NULL, '1', 'Andrea', 'Martinez', 'a.vanessa.mtz@gmail.com', '4731248932', 'Uu3blpk1', '02-07-1996', '0', NULL, NULL, NULL, NULL, '206302', '1751237247', NULL, NULL, NULL, NULL, '1', '2025-06-29 22:47:20'),
(121, NULL, '1', 'Yenia', 'Torres', 'yennsttorres@gmail.com', '4612728975', 'Yeniroma96', '01-07-1996', '0', NULL, NULL, NULL, NULL, '669223', '1751291397', NULL, NULL, NULL, NULL, '1', '2025-06-30 13:49:50'),
(122, NULL, '1', 'Sylvana', 'Nomura', 'syl.nomura@gmail.com', '4774495819', 'Running123', '', '9988', '30', '2025-08-13', '0', NULL, '335455', '1754324441', 'approved', '41739927', '2199', '1747049950-ctJ154iX1IXCxt', '1', '2025-06-30 16:32:47'),
(123, NULL, '1', 'Andrea Gil', '', 'lat.andrea.gil@gmail.com', '4775789787', 'Barr333', '2025-06-30', '0', NULL, NULL, NULL, NULL, '712621', '1753673186', 'approved', '74074349', '1250', NULL, '1', '2025-06-30 17:41:24'),
(124, NULL, '1', 'Ana', 'Gtz Alaniz', 'anagutierrezalaniz@gmail.com', '4776710957', 'Merca123.', '05-09-1994', '0', NULL, NULL, NULL, '1', '545048', '1752511676', 'approved', '116383803005', '150', '1674378365-OhmncTMp5bu0E4', '1', '2025-06-30 18:05:15'),
(125, NULL, '1', 'Gina', 'Sapién', 'georgina.sapien@gmail.com', '4777009604', 'Aa00567483', '', '0', '30', '2025-08-09', '0', '1', '146731', '1753980718', 'approved', '118104719894', '1250', '2524318635-FrMwSuxP8SoAGD', '1', '2025-06-30 18:53:56'),
(127, NULL, '1', 'Angelica', 'Gutierrez', 'angieg2@hotmail.com', '4624835613', 'an004rob', '', '0', NULL, NULL, NULL, NULL, '912670', '1753152753', 'approved', '47311042', '1250', NULL, NULL, '2025-07-01 01:13:41'),
(128, NULL, '1', 'Jacqueline', 'Gonzalez', 'jakiegb@gmail.com', '4777546497', 'JackoGB', '21-10-1992', '0', NULL, NULL, NULL, NULL, '566250', '1753770077', 'approved', '49023582', '1250', NULL, NULL, '2025-07-01 01:51:11'),
(130, NULL, '1', ' Laura Landeros', '', 'psiclauralanderos@gmail.com', '4775729330', 'BarreLaura32', '', '0', NULL, NULL, NULL, NULL, '999718', '1752859051', 'approved', '116964565296', '1250', '2525417315-RW341vrUvT4x6o', '1', '2025-07-01 12:31:21'),
(131, NULL, '1', 'Erik', 'Carrillo', 'carrilloerik2005@gmail.com', '4778338989', 'Carrilloerik123', '', '0', NULL, NULL, NULL, NULL, '907511', '1753185573', 'approved', '75171002', '1250', NULL, '1', '2025-07-01 15:03:57'),
(132, NULL, '1', 'Vania', 'Acosta', 'dra.vania.acsa@gmail.com', '4737375883', 'Matias', '18-03-1986', '0', NULL, NULL, NULL, NULL, '676979', '1752243494', 'approved', '117095618764', '1759.2', '1648139672-WBKUK2rPzXmtzm', '1', '2025-07-01 15:06:55'),
(133, NULL, '1', 'Blanca', 'Pulido', 'blanca_pulidofuentes@hotmail.com', '4777049320', 'Banana27', '', '9988', '30', '2025-08-12', '0', NULL, '261497', '1753846758', 'approved', '117159568509', '1759.2', '2542109316-R3nn7BzrZU1FMI', '1', '2025-07-01 19:09:55'),
(134, NULL, '1', 'Yui', '', 'yuiu2@hotmail.com', '3314308423', 'galbi1012', '', '1', NULL, '', NULL, NULL, '632533', '1752037016', NULL, NULL, NULL, NULL, '1', '2025-07-01 22:47:50'),
(135, NULL, '1', 'Dafne', 'andrade', 'dandrade.aj@gmail.com', '4776735084', 'dafne6789', '', '0', NULL, NULL, NULL, NULL, NULL, NULL, 'approved', '79917321', '650', NULL, NULL, '2025-07-02 02:05:57'),
(137, NULL, '1', 'Luz', 'Elena LóPez', 'luzelena.lelc88@gmail.com', '4777047627', 'moodfit2025', '28-01-1999', '0', NULL, NULL, NULL, NULL, '795624', '1751508908', 'approved', '117183807896', '170', '2529625845-YfkZD3Kp5Zkchl', '1', '2025-07-03 02:14:43'),
(139, NULL, '1', 'Mireya', 'Cardona', 'cmireyacr@gmail.com', '4492800581', 'mireya789', '', '0', NULL, NULL, NULL, NULL, '543885', '1754275520', 'approved', '96558908', '650', NULL, NULL, '2025-07-03 02:52:22'),
(140, NULL, '1', 'Teresa', 'Aguilar', 'tereferaguilar@gmail.com', '4773097180', 'mycko3-vorteb-Bykdep', '29-10-2004', '0', NULL, NULL, NULL, NULL, '248374', '1751565577', NULL, NULL, NULL, NULL, '1', '2025-07-03 17:58:35'),
(141, NULL, '1', 'Sandra', 'Diaz', 'rudisa_98@gmail.com', '4731475190', '04342644', '29-01-1998', '3', '30', '2025-08-29', '0', '0', '515311', '1753910349', 'approved', '120419209600', '650', '2536060176-Sk7kAHi2zVf6MN', '1', '2025-07-03 21:19:58'),
(143, NULL, '1', 'Janeth', 'vera', 'janet.ivoonvc@gmail.com', '4773374360', 'Janfit2025', '', '0', NULL, NULL, NULL, NULL, '559981', '1753462969', 'approved', '17030655', '1250', NULL, NULL, '2025-07-04 00:00:06'),
(145, NULL, '1', 'MARCELA', 'GARCIA', 'camiprivadosanchez@gmail.com', '4773922840', 'garcita789', '', '0', NULL, NULL, NULL, NULL, '384422', '1752550372', 'approved', '44872982', '1899', NULL, NULL, '2025-07-04 02:08:14'),
(146, NULL, '1', 'Angie', 'RamíRez', 'angieramirez2704@gmail.com', '4772302605', 'Andreayangel3108', '23-02-1980', '0', NULL, NULL, NULL, NULL, '257084', '1751725514', NULL, NULL, NULL, NULL, '1', '2025-07-04 13:45:36'),
(147, NULL, '1', 'Cecilia', 'Ponce', 'ceciliatower@gmail.com', '4771516327', 'CANELOSYceci19.', '19-11-1997', '0', NULL, NULL, NULL, NULL, '558416', '1754276244', 'approved', '116877259641', '1759.2', '2537522694-gnOl951QJMdiQC', '1', '2025-07-04 16:14:19'),
(148, NULL, '1', 'Karen', 'Mtz', 'cecilia_mtzc@hotmail.com', '4777003848', 'Pfqamo99', '06-02-1993', '0', NULL, NULL, NULL, NULL, '838556', '1752294854', NULL, NULL, NULL, '2555448248-7iSNqcfO1vIlit', '1', '2025-07-05 01:18:46'),
(149, NULL, '1', 'Claudia', '', 'edith_8926@hotmail.com', '4491176029', 'Apaseo01.', '26-01-1989', '0', NULL, NULL, NULL, NULL, '118954', '1751747067', NULL, NULL, NULL, NULL, '1', '2025-07-05 14:29:47'),
(150, NULL, '1', 'Ana', 'Aguirre', 'anaguirregar11@gmail.com', '8717909828', 'Pucky15', '15-11-1997', '0', NULL, NULL, NULL, '1', '739212', '1751778668', 'approved', '117580589562', '150', '1563496211-qbhPu28ocYNb1A', '1', '2025-07-06 05:11:01'),
(151, NULL, '1', 'Monserrat', 'MacíAs', 'monsmacamaro2203@gmail.com', '4775957470', 'Monserrat', '22-03-2001', '0', NULL, NULL, NULL, NULL, '852046', '1751851999', NULL, NULL, NULL, NULL, '1', '2025-07-07 01:33:11'),
(152, NULL, '1', 'Ana', 'GutiéRrez Alaniz', 'ana.g@savvy-savvy.com', '4792347661', 'anabanana', '05-09-1994', '0', NULL, NULL, NULL, '1', '549948', '1751904579', 'approved', '117227445771', '150', '2538576113-90NTUYzjALbjju', '1', '2025-07-07 16:09:36'),
(153, NULL, '1', 'Alejandra Espinosa', 'Espinosa', 'alejandra.espinosa.santacruz@gmail.com', '4777521853', 'Zapatill@35', '', '9983', '30', '2025-08-13', '0', NULL, '441138', '1754311038', 'approved', '118077275095', '1759.2', '2287488045-8Hz7kw4HY70kbA', '1', '2025-07-07 22:09:22'),
(154, NULL, '1', 'Laura Calzada', 'Calzada', 'laurag2322@gmail.com', '4931366438', 'laurag2322', '', '4', '30', '2025-08-06', '0', NULL, NULL, NULL, 'approved', '37169913', '1250', NULL, NULL, '2025-07-08 02:17:35'),
(156, NULL, '1', 'Paulina', 'Maciel', 'paumaciel1@gmail.com', '4777378404', 'SEncia2025.', '20-10-2025', '0', NULL, NULL, NULL, '1', '639878', '1753751010', 'approved', '120105582302', '170', '2545946694-MuBeUxWlxuYxAX', '1', '2025-07-08 16:38:46'),
(157, NULL, '1', 'MaríA Fernanda', 'Ramirez Morales', 'ferrmz2793@gmail.com', '4612084183', 'Terry2793$', '27-05-1993', '1', '30', '2025-08-07', '0', NULL, '216108', '1753740240', 'approved', '117871707188', '650', '2546135622-057IeGLFthEupy', '1', '2025-07-08 18:02:21'),
(158, NULL, '1', 'Mar', 'Hernandez', 'lismarlenehdz@gmail.com', '4775337708', 'MarlHP17', '17-06-2000', '0', NULL, NULL, NULL, NULL, '891152', '1752038801', NULL, NULL, NULL, NULL, '1', '2025-07-09 05:26:34'),
(159, NULL, '1', 'Tomomi', '', 'kcytt.19@gmail.com', '4775270446', '1019Tomo', '19-10-1996', '0', NULL, NULL, NULL, NULL, '834808', '1752085740', NULL, NULL, NULL, NULL, '1', '2025-07-09 18:28:54'),
(160, NULL, '1', 'Brenda', 'Manrique', 'brendamanrique1710@gmail.com', '4776878458', 'brenda1710', '16-01-1996', '0', NULL, NULL, NULL, NULL, '246196', '1752181205', NULL, NULL, NULL, NULL, '1', '2025-07-09 19:11:56'),
(161, NULL, '1', 'Isela', 'Aguirre', 'isela_aguirre_94@hotmail.com', '4791114633', 'Dalia1994', '17-09-1994', '0', NULL, NULL, NULL, '1', '643531', '1752258603', 'approved', '118046460474', '150', '2233807241-Y94uoBcU3uBZFL', '1', '2025-07-09 23:47:34'),
(162, NULL, '1', 'Mariana', 'Calderon', 'marianafeb21@gmail.co', '4775948689', 'Amanecer4', '21-02-2001', '0', '7', '2025-08-08', '0', '1', '966298', '1754084515', 'approved', '120679386070', '170', '2544380847-1vwbS623yGeJZI', '1', '2025-07-10 00:36:03'),
(163, NULL, '1', 'Diana', 'Rivera', 'di208ana.l@gmail.com', '4621578289', 'chispa27', '', '5', NULL, '2025-08-15', NULL, NULL, '100298', '1753738473', NULL, NULL, NULL, '2555474995-q7bpA6SrOGMUYG', '1', '2025-07-10 23:56:05'),
(164, NULL, '1', 'Tamara', 'Doeiva', 'tamara.buendias@gmail.com', '3337847874', '64568', '27-11-1997', '0', NULL, NULL, NULL, '1', '464794', '1752265751', 'approved', '117760330921', '150', '1566165273-R96tZvMPdZTbc8', '1', '2025-07-11 20:29:01'),
(165, NULL, '1', 'Karolina', 'FabiáN', 'sweetmccake@gmail.com', '4778526798', 'Cobijita', '02-04-2008', '0', NULL, NULL, NULL, NULL, '494750', '1754270658', NULL, NULL, NULL, NULL, '1', '2025-07-11 20:33:22'),
(166, NULL, '1', 'Luz', '', 'munozvargasluzangelica@gmail.com', '4776714782', 'Angelica2002*', '28-03-2002', '0', NULL, NULL, NULL, NULL, '997065', '1752268772', NULL, NULL, NULL, NULL, '1', '2025-07-11 21:19:18'),
(167, NULL, '1', 'Itzel', 'Chagoya', 'k.itzelchagoya.js@gmail.com', '4736529048', 'Barre309659', '', '0', NULL, NULL, NULL, '1', '188111', '1752897109', 'approved', '118529069333', '170', '2555310300-jKkem90PAAbySY', '1', '2025-07-12 02:06:28'),
(168, NULL, '1', 'Nayeli', 'LóPez', 'nayefani05@gmail.com', '3521038290', 'gym0510', '05-10-1997', '0', NULL, NULL, NULL, NULL, '380635', '1752289039', NULL, NULL, NULL, NULL, '1', '2025-07-12 02:56:46'),
(169, NULL, '1', 'Momoko', 'Hikichi', '888durazno@gmail.com', '4778064330', 'momo0810', '10-08-1980', '0', NULL, NULL, NULL, NULL, NULL, NULL, NULL, NULL, NULL, NULL, '1', '2025-07-13 22:20:36'),
(170, NULL, '1', 'AngéLica', 'DíAz', 'angelik1401@gmail.com', '5529717410', 'FTerrazas#18', '14-01-1984', '0', NULL, NULL, NULL, '1', '699937', '1753580942', 'approved', '118002933725', '150', '1634971984-pYOKkA3c5Vo1cZ', '1', '2025-07-14 03:38:52'),
(171, NULL, '1', 'Claudia', 'Ramos', 'ramostenaivette@gmail.com', '4775234995', 'Clau1999', '07-07-2000', '2', '30', '2025-08-13', '0', NULL, '131439', '1752715080', 'approved', '118549804084', '650', '2332255859-MDCXz5MAVDN8tT', '1', '2025-07-14 15:14:31'),
(172, NULL, '1', 'Frida Meneses', 'Marelen', 'fridamarlen05@gmail.com', '4771817267', 'okami589', '', '7', '30', '2025-08-15', '0', NULL, '414537', '1754322316', 'approved', '118842301300', '1899', '2561056011-LczQ8y8HBqNixI', '1', '2025-07-14 16:46:22'),
(173, NULL, '1', 'Griselda', 'Prado', 'gris_l93@hotmail.com', '4771363988', 'mayo1993*', '17-05-1993', '0', NULL, NULL, NULL, NULL, '963901', '1752674232', NULL, NULL, NULL, NULL, '1', '2025-07-16 13:57:00'),
(174, NULL, '1', 'Melissa', 'GalváN', 'melissa.galvan.frausto@gmail.com', '4776477457', 'Ucnz361o.', '04-02-1992', '0', NULL, NULL, NULL, NULL, '125993', '1752729294', NULL, NULL, NULL, NULL, '1', '2025-07-17 05:14:38'),
(175, NULL, '1', 'Daniela', 'Aguilera', 'nancydanielaaguileraaguilar34@gmail.com', '4771263996', 'pacoynancy7', '07-10-1999', '0', NULL, NULL, NULL, '1', '332950', '1752796699', 'approved', '118480412637', '150', '2563733737-pVYLCDZYoXp4h7', '1', '2025-07-17 23:58:09'),
(176, NULL, '1', 'Renata', 'Mireles', 'renata.mireles.sotelo@gmail.com', '4779133011', 'mpp11771', '26-08-2008', '0', NULL, NULL, NULL, NULL, '623261', '1752877802', NULL, NULL, NULL, NULL, '1', '2025-07-18 22:29:03'),
(177, NULL, '1', 'Victoria SofíA', 'Reyes GutiéRrez', 'victoriasreyesg@gmail.com', '4778924247', 'Victoria28!', '28-04-2008', '0', NULL, NULL, NULL, NULL, '169207', '1752878062', NULL, NULL, NULL, NULL, '1', '2025-07-18 22:34:01'),
(178, NULL, '1', 'Renata', 'Mireles', 'analaurasotelo79@hotmail.com.mx', '4777202072', '22261508', '26-08-2008', '0', NULL, NULL, NULL, '1', '165193', '1753057343', 'approved', '118811257967', '150', '2574101296-Ognf74oBHRcrAR', '1', '2025-07-18 22:34:13'),
(179, NULL, '1', 'Adalia', 'SáNchez', 'adaliaroods@gmail.com', '4921052008', 'Adalia0306', '03-06-1998', '0', '7', '2025-08-06', '0', '1', '908850', '1753925156', 'approved', '119932226357', '170', '1820329056-r1q5TqAZII9mrW', '1', '2025-07-19 05:48:09'),
(180, NULL, '1', 'Yarenssi', 'Ortega', 'yarenssi_ortega@hotmail.com', '4621532535', 'Pilates2025', '17-06-1992', '0', NULL, NULL, NULL, '1', '445931', '1752943916', 'approved', '119178702758', '150', '2189032176-SrBNUy5VYEcscD', '1', '2025-07-19 16:45:21'),
(181, NULL, '1', 'Perla', 'Paulina', 'perla_pau@hotmail.com', '6141994173', 'Sgym2025#', '21-10-1988', '0', NULL, NULL, NULL, '1', '935703', '1752979049', 'approved', '119241358934', '150', '1894396624-WrHoQ6JKyOzcou', '1', '2025-07-20 00:49:51'),
(182, NULL, '1', 'Carlos', 'Macias', 'c_cmacias@hotmail.com', '4772602239', 'Bruno2019!!', '09-08-1996', '9995', '30', '2025-08-20', '0', NULL, '973554', '1754072521', 'approved', '118946905533', '1759.2', '1515368601-ynBLeq3NN9Nw1y', '1', '2025-07-20 05:30:32'),
(183, NULL, '1', 'Roberto', 'Vega', 'rvegalicia@hotmail.com', '4777501458', 'Janet', '27-11-1984', '0', NULL, NULL, NULL, '1', '958335', '1753479061', 'approved', '119320113212', '150', '1747836008-El5iz23bt6eLAa', '1', '2025-07-21 00:29:00'),
(184, NULL, '1', 'Anel', 'Figueroa', 'anelfigueroa.r27@gmail.com', '4722973412', 'inspiracion1497..', '14-01-1997', '0', NULL, NULL, NULL, NULL, '293238', '1753111197', NULL, NULL, NULL, NULL, '1', '2025-07-21 02:57:31'),
(185, NULL, '1', 'Alejandra Mier', 'Mier', 'alemiertrejo@gmail.com', '2223805477', 'Alemier0608*', '', '9991', '30', '2025-08-20', '0', NULL, '954141', '1754268329', 'approved', '07182672', '2199', NULL, '1', '2025-07-21 22:48:43'),
(186, NULL, '1', 'Majo', 'Padilla', 'ps_mariajose@hotmail.com', '4776480569', 'Alacant16', '', '0', '30', '2025-08-21', '0', NULL, '245356', '1754281865', 'approved', '119568240416', '650', '2573638739-nZY778cb4lfRug', '1', '2025-07-23 02:15:50'),
(187, NULL, '1', 'Katya Alejandra', 'MuñOz Anda', 'katyaalejandramunozanda@gmail.com', '4771315367', 'orugakatya147402', '14-10-1974', '0', NULL, NULL, NULL, NULL, '943341', '1753334435', NULL, NULL, NULL, NULL, '1', '2025-07-24 05:20:24'),
(188, NULL, '1', 'SebastiáN', 'Silva', 'silva97souza@gmail.com', '4771298874', 'Sebas921', '21-12-1997', '0', NULL, NULL, NULL, NULL, '743903', '1753376568', NULL, NULL, NULL, NULL, '1', '2025-07-24 17:01:49'),
(190, NULL, '1', 'Beatriz', 'Padilla', 'beatrizpadilla76@gmail.com', '4772749953', 'beatrizpad', '', '9988', '30', '2025-08-23', '0', NULL, '995617', '1754157293', 'approved', '18748875', '2199', NULL, NULL, '2025-07-25 00:03:10'),
(191, NULL, '1', 'Bety', 'Padilla', 'beatrizpadilla76@gmail.co', '4772749953', 'Victoria18', '23-05-1984', '0', NULL, NULL, NULL, NULL, '995617', '1754157293', NULL, NULL, NULL, NULL, '1', '2025-07-25 16:53:58'),
(192, NULL, '1', 'Marychuy', 'Duran', 'marychuyduran7@gmail.com', '4773841000', 'Mary27', '21-10-1973', '9994', '30', '2025-08-24', '0', NULL, '121795', '1754278131', 'approved', '21662138', '2199', NULL, '1', '2025-07-26 02:54:00'),
(193, NULL, '1', 'Tzitzik', 'Escamilla', 'dra.escami@gmail.com', '4771313967', 'pilatesgirl', '13-12-1992', '0', NULL, NULL, NULL, NULL, '164159', '1753593208', NULL, NULL, NULL, NULL, '1', '2025-07-27 05:13:18'),
(194, NULL, '1', 'Adriana', 'Rincon', 'chat_ar@hotmail.com', '4777275229', 'pichicuaS1', '16-12-1982', '0', NULL, NULL, NULL, NULL, '795504', '1753669295', NULL, NULL, NULL, NULL, '1', '2025-07-28 02:21:25'),
(195, NULL, '1', 'Haydee', 'GóMez', 'haydee2261@icloud.com', '4791011041', 'Haydee22', '', '11', '30', '2025-08-27', '0', NULL, '522376', '1753716733', 'approved', '84331874', '1699', NULL, '1', '2025-07-28 15:31:54'),
(196, NULL, '1', 'Indira', 'Roca', 'iroca@grupoflosa.com.mx', '4773663624', '1sabell@', '', '3', '30', '2025-08-29', '0', NULL, '898761', '1753888470', 'approved', '15508848', '650', NULL, '1', '2025-07-29 03:45:28'),
(197, NULL, '1', 'Paulina', 'PéRez', 'mppr8292@icloud.com', '4777521272', 'Pr415829', '08-02-1992', '3', '30', '2025-09-02', '0', '1', '217079', '1754246688', 'approved', '120879471566', '650', '2589862077-LfFCYzFXht6F6N', '1', '2025-07-30 19:07:44'),
(198, NULL, '1', 'Valeria', 'Perez', 'valeriaabta@gmail.com', '4777521356', 'valeriaperez', '29-06-1997', '1', '7', '2025-08-06', '0', '1', '572864', '1753904878', 'approved', '120409234520', '150', '2595002316-Bhtji8VuGRdmz1', '1', '2025-07-30 19:41:13'),
(199, NULL, '1', 'Mariana', 'Mucino', 'marianamucino@hotmail.com', '4777653792', 'Soyamor2023', '', '1', '30', '2025-08-30', '0', NULL, '265975', '1754317658', 'approved', '63797307', '650', NULL, '1', '2025-07-31 15:47:59'),
(200, NULL, '1', 'JazmíN', 'GarcíA', 'jazminalejandragarciagaytan@gmail.com', '4772890623', 'SoydeLeon10.', '13-12-1998', '0', '7', '2025-08-08', '0', '1', '150114', '1754113253', 'approved', '120724054972', '150', '2596145569-XL2iJxfZuTI9h7', '1', '2025-08-02 05:40:45');

-- --------------------------------------------------------

--
-- Estructura de tabla para la tabla `user_cards`
--

CREATE TABLE `user_cards` (
  `id` int(11) NOT NULL,
  `user_id` varchar(255) DEFAULT NULL,
  `customer_id` varchar(255) NOT NULL,
  `card_id` varchar(255) DEFAULT NULL,
  `last_four_digits` varchar(4) NOT NULL,
  `payment_method` varchar(50) NOT NULL,
  `card_type` varchar(20) NOT NULL COMMENT 'credit, debit, etc',
  `created_at` datetime NOT NULL
) ENGINE=InnoDB DEFAULT CHARSET=utf8mb4 COLLATE=utf8mb4_general_ci;

--
-- Índices para tablas volcadas
--

--
-- Indices de la tabla `clases`
--
ALTER TABLE `clases`
  ADD PRIMARY KEY (`id`);

--
-- Indices de la tabla `coaches`
--
ALTER TABLE `coaches`
  ADD PRIMARY KEY (`id`);

--
-- Indices de la tabla `creditos_vencidos`
--
ALTER TABLE `creditos_vencidos`
  ADD PRIMARY KEY (`id`);

--
-- Indices de la tabla `disciplinas`
--
ALTER TABLE `disciplinas`
  ADD PRIMARY KEY (`id`);

--
-- Indices de la tabla `egr`
--
ALTER TABLE `egr`
  ADD PRIMARY KEY (`id`);

--
-- Indices de la tabla `paquetes`
--
ALTER TABLE `paquetes`
  ADD PRIMARY KEY (`id`);

--
-- Indices de la tabla `reservaciones`
--
ALTER TABLE `reservaciones`
  ADD PRIMARY KEY (`id`);

--
-- Indices de la tabla `transacciones`
--
ALTER TABLE `transacciones`
  ADD PRIMARY KEY (`id`);

--
-- Indices de la tabla `users`
--
ALTER TABLE `users`
  ADD PRIMARY KEY (`id`);

--
-- Indices de la tabla `user_cards`
--
ALTER TABLE `user_cards`
  ADD PRIMARY KEY (`id`);

--
-- AUTO_INCREMENT de las tablas volcadas
--

--
-- AUTO_INCREMENT de la tabla `clases`
--
ALTER TABLE `clases`
  MODIFY `id` int(11) NOT NULL AUTO_INCREMENT, AUTO_INCREMENT=671;

--
-- AUTO_INCREMENT de la tabla `coaches`
--
ALTER TABLE `coaches`
  MODIFY `id` int(11) NOT NULL AUTO_INCREMENT, AUTO_INCREMENT=23;

--
-- AUTO_INCREMENT de la tabla `creditos_vencidos`
--
ALTER TABLE `creditos_vencidos`
  MODIFY `id` int(11) NOT NULL AUTO_INCREMENT, AUTO_INCREMENT=54;

--
-- AUTO_INCREMENT de la tabla `disciplinas`
--
ALTER TABLE `disciplinas`
  MODIFY `id` int(11) NOT NULL AUTO_INCREMENT, AUTO_INCREMENT=23;

--
-- AUTO_INCREMENT de la tabla `egr`
--
ALTER TABLE `egr`
  MODIFY `id` int(11) NOT NULL AUTO_INCREMENT;

--
-- AUTO_INCREMENT de la tabla `paquetes`
--
ALTER TABLE `paquetes`
  MODIFY `id` int(11) NOT NULL AUTO_INCREMENT, AUTO_INCREMENT=13;

--
-- AUTO_INCREMENT de la tabla `reservaciones`
--
ALTER TABLE `reservaciones`
  MODIFY `id` int(11) NOT NULL AUTO_INCREMENT, AUTO_INCREMENT=1309;

--
-- AUTO_INCREMENT de la tabla `transacciones`
--
ALTER TABLE `transacciones`
  MODIFY `id` int(11) NOT NULL AUTO_INCREMENT, AUTO_INCREMENT=162;

--
-- AUTO_INCREMENT de la tabla `users`
--
ALTER TABLE `users`
  MODIFY `id` int(11) NOT NULL AUTO_INCREMENT, AUTO_INCREMENT=201;

--
-- AUTO_INCREMENT de la tabla `user_cards`
--
ALTER TABLE `user_cards`
  MODIFY `id` int(11) NOT NULL AUTO_INCREMENT;
COMMIT;

/*!40101 SET CHARACTER_SET_CLIENT=@OLD_CHARACTER_SET_CLIENT */;
/*!40101 SET CHARACTER_SET_RESULTS=@OLD_CHARACTER_SET_RESULTS */;
/*!40101 SET COLLATION_CONNECTION=@OLD_COLLATION_CONNECTION */;
